Surface Word,Tshiluba Lemma,English translation,Glossing,Match Type
bakola,kola,Kubunda maalu nku kola.,kola V;PRS;HAB;3;PL,Local Proverb Context Match
buebe,eba,[Translation Missing],eba V;PST;REC;2;PL,No Lexicon Match
tshanza,anza,hand,tshanza V;PRS,Substring Overlap
kutuila,tuila,woman (Inferred via BantuBERTa),tuila V;NFIN,BantuBERTa Vector Neighborhood
kanya,kanya,bone (Inferred via BantuBERTa),kanya V;PST;REC;3;SG,BantuBERTa Vector Neighborhood
ngela,ngela,"Bela ngela, bijimina mbianyi.",ngela N;SG;BANTU9,Local Proverb Context Match
Kabulekedi,bulekedi,[Translation Missing],bulekedi V;PST;REC;3;SG,No Lexicon Match
maja,ja,[Translation Missing],ja V;PST;REC;2;PL,No Lexicon Match
musuasua,suasua,[Translation Missing],musuasua N;SG;BANTU1,No Lexicon Match
kakupa,pa,"Tshikuyu tu tshikulule musenga, muena tshilema tumubela pa bantu.",pa V;PST;REC;3;SG,Local Proverb Context Match
muitu,muitu,one (Inferred via BantuBERTa),muitu N;SG;BANTU1,BantuBERTa Vector Neighborhood
ntshiuwule,tshiuwula,[Translation Missing],ntshiuwule N;SG;BANTU10,No Lexicon Match
muonji,onji,[Translation Missing],muonji N;SG;BANTU1,No Lexicon Match
mambu,mambu,Kantu kabenda kantu mambu.,mambu N;PL;BANTU6,Local Proverb Context Match
ndilengela,lengela,[Translation Missing],lengela V;PRS,No Lexicon Match
nkaka,nkaka,"Ndombo nkese waba nkaka, muena mupongu wa tshoto ulowa bulowavi.",nkaka,Local Proverb Context Match
nkufikisha,fikisha,[Translation Missing],fikisha V;PRS;HAB;1;SG,No Lexicon Match
kosha,kosha,Kakulakaji kadie kosha nzubu.,kosha,Local Proverb Context Match
Mukana,kana,"human, human being, man (Inferred via BantuBERTa)",uMukana N;SG;BANTU1,BantuBERTa Vector Neighborhood
akudila,dila,[Translation Missing],dila V;PRS;PROG;3;SG,No Lexicon Match
pebe,peba,two (Inferred via BantuBERTa),peba,BantuBERTa Vector Neighborhood
mukaji,mukaji,woman,uMukaji N;SG;BANTU1,PanLex Exact Match
wende,enda,Enda biteketa dibaka mbudimi bua meba.,enda V;NFIN,Local Proverb Context Match
meba,meba,Enda biteketa dibaka mbudimi bua meba.,meba N;SG;BANTU1,Local Proverb Context Match
Mukaji,mukaji,woman,uMukaji N;SG;BANTU1,PanLex Exact Match
muetu,etu,two (Inferred via BantuBERTa),muetu N;SG;BANTU1,BantuBERTa Vector Neighborhood
unyanga,unyanga,Nkashama udi wenda mudima ngudi unyanga tshienda tshiseba.,unyanga N;SG;BANTU1,Local Proverb Context Match
lukasa,sa,[Translation Missing],lukasa V;PRS;HAB;3;SG,No Lexicon Match
dibaka,baka,[Translation Missing],dibaka,No Lexicon Match
kabufu,bufu,[Translation Missing],kabufu N;SG;BANTU15,No Lexicon Match
dikoshi,koshi,[Translation Missing],dikoshi N;SG;BANTU10,No Lexicon Match
ulowa,lowa,[Translation Missing],lowa V;PRS,No Lexicon Match
tu,tu,ear,tu PRO;INT;PROX;BANTU1,PanLex Exact Match
mudimanya,manya,[Translation Missing],manya V;FUT,No Lexicon Match
Nkunda,kunda,[Translation Missing],Nkunda N;SG;BANTU10,No Lexicon Match
tshadia,tshadia,"Tshiadima umue, tshadia banyi.",tshadia V;PRS,Local Proverb Context Match
kukulula,kulula,bone (Inferred via BantuBERTa),kulula V;NFIN,BantuBERTa Vector Neighborhood
Nzolu,unzolu,[Translation Missing],uNzolu N;SG;BANTU10,No Lexicon Match
Tshifuafua,tshifuafua,"Tshifuafua ndibaka, bulunda kabuena bufua (Bulunda kabufu, tshifuafua ndibaka).",tshifuafua V;PRS,Local Proverb Context Match
batshina,tshina,[Translation Missing],tshina V;PRS,No Lexicon Match
pa,pa,ear (Inferred via BantuBERTa),pa V;PRS;PROG;3;PL,BantuBERTa Vector Neighborhood
anu,wanu,[Translation Missing],anu PRO;INT;INTENS,No Lexicon Match
buamba,amba,[Translation Missing],amba V;PRS,No Lexicon Match
Enda,enda,Enda biteketa dibaka mbudimi bua meba.,enda V;NFIN,Local Proverb Context Match
bianza,anza,hand,anza V;PRS,PanLex Exact Match
bena,bena,"Muena buebe, wa buamba bikole nanku bena panshi bakwatshishabu.",bena V;PRS,Local Proverb Context Match
budimu,budimu,Budimu bupite buanga.,BANTU14,Local Proverb Context Match
akukuatshia,kuatshia,[Translation Missing],kuatshia V;PRS;PROG;3;SG,No Lexicon Match
mukalenga,lenga,[Translation Missing],lenga V;PST;REM;2;PL,No Lexicon Match
kajimina,jimina,[Translation Missing],jimina V;PST;REC;3;SG,No Lexicon Match
baja,ja,[Translation Missing],ja V;PRS,No Lexicon Match
mpata,mpata,one (Inferred via BantuBERTa),mpata N;SG;BANTU1,BantuBERTa Vector Neighborhood
biebe,eba,[Translation Missing],eba V;PST;REC;3;PL,No Lexicon Match
pende,penda,[Translation Missing],penda V;PST;REC;3;SG,No Lexicon Match
peba,peba,Bakupa peba wapangana.,peba,Local Proverb Context Match
Kajiji,jiji,[Translation Missing],jiji V;PST;REC;3;SG,No Lexicon Match
tshidi,tshidi,Tshishi tshidiadia lukunda tshidi munda mua lukunda.,tshidi N;SG;BANTU10,Local Proverb Context Match
Kusekiseki,sekisa,[Translation Missing],sekiseki V;PRS;HAB;3;SG,No Lexicon Match
tshamukwenu,tshamukwenu,"Kusuluilu tshamukwenu lwanga, mukuenu mutshelela biende meji.",tshamukwenu V;PRS;HAB;1;PL,Local Proverb Context Match
upola,pola,[Translation Missing],pola V;PRS,No Lexicon Match
muditela,ditela,[Translation Missing],muditela N;SG;BANTU1,No Lexicon Match
Katshi,tshi,Tshishi tshikonyangana mushiku tshidi ne muatshi mudiadia tshi.,tshi ADJ;BANTU1,Local Proverb Context Match
muana,muana,Muana tshishiku muana nzala.,uMuana N;SG;BANTU1,Local Proverb Context Match
yeye,yeye,one (Inferred via BantuBERTa),yeye DET;POSS;PSS1P;BANTU9,BantuBERTa Vector Neighborhood
bia,bia,"Kunangidi bia lelu ewu to, bilengele bitshi lualua.",bia V;PRS,Local Proverb Context Match
umue,umue,"Tshiadima umue, tshadia banyi.",umue N;SG;BANTU1,Local Proverb Context Match
kabena,bena,woman (Inferred via BantuBERTa),bena V;PST;REC;3;SG,BantuBERTa Vector Neighborhood
manseba,nseba,[Translation Missing],manseba N;PL;BANTU6,No Lexicon Match
Mutshoku,umutshoku,[Translation Missing],uMutshoku N;SG;BANTU1,No Lexicon Match
wenu,wenu,"Kutshina kuikala wenu, kutshina kuikala muimpe.",wenu DET;POSS;PSS1P;BANTU1,Local Proverb Context Match
tshiamuntu,muntu,"human, human being, man",umuntu N;SG;BANTU1,Substring Overlap
iboba,boba,[Translation Missing],iboba,No Lexicon Match
muatshi,muatshi,Tshishi tshikonyangana mushiku tshidi ne muatshi mudiadia tshi.,muatshi N;SG;BANTU1,Local Proverb Context Match
baku,waku,[Translation Missing],waku DET;POSS;PSS1P;BANTU2,No Lexicon Match
makuabo,kuabo,[Translation Missing],makuabo N;PL;BANTU6,No Lexicon Match
vuala,vuala,Kunangidi mu muavuala vuala kabuta waya kavuala tshieba tshidimu.,vuala V;PST;REC;2;PL,Local Proverb Context Match
tumubela,bela,ear (Inferred via BantuBERTa),tumubela V;PRS,BantuBERTa Vector Neighborhood
kazolu,kazolu,"Wapesha kazolu, kupeshi kanyunyi.",kazolu N;SG;BANTU15,Local Proverb Context Match
nkese,nkese,"Ndombo nkese waba nkaka, muena mupongu wa tshoto ulowa bulowavi.",nkese N;SG;BANTU10,Local Proverb Context Match
umua,umua,Munu umua kawena mua kukuma bionso.,umua N;SG;BANTU1,Local Proverb Context Match
tshiukuta,tshiukuta,"Tshidia tshiukuta, tshiabikila Mulopwe ne, Yi manseba.",tshiukuta V;PRS,Local Proverb Context Match
kalume,luma,[Translation Missing],Kaluma V;PST;REC;3;SG,No Lexicon Match
Baya,bantu2,[Translation Missing],BANTU2,No Lexicon Match
metu,metu,one (Inferred via BantuBERTa),metu N;SG;BANTU1,BantuBERTa Vector Neighborhood
nzalakaladi,ladi,[Translation Missing],nzalakaladi N;PL;BANTU10,No Lexicon Match
bitshi,tshi,Tshishi tshikonyangana mushiku tshidi ne muatshi mudiadia tshi.,bitshi N;PL;BANTU2,Local Proverb Context Match
diadikenga,kenga,[Translation Missing],dikenga V;PST;REC;3;SG,No Lexicon Match
Kabundi,bundi,[Translation Missing],bundi V;PST;REC;3;SG,No Lexicon Match
mabika,bika,[Translation Missing],bika V;PST;REC;2;PL,No Lexicon Match
kulu,mwaanda mukulu,eight,kulu DET;POSS;PSS1P;BANTU15,Substring Overlap
mmone,mona,[Translation Missing],mona V;PST;REC;2;PL,No Lexicon Match
Budimu,bantu14,[Translation Missing],BANTU14,No Lexicon Match
uya,uya,bone (Inferred via BantuBERTa),uya DET;PROX;BANTU1,BantuBERTa Vector Neighborhood
kanyi,kanyi,die (Inferred via BantuBERTa),kanyi,BantuBERTa Vector Neighborhood
mwa,mwa,Bupua bupua mumukana mwa muenenbu.,mwa DET;POSS;PSS1P;BANTU1,Local Proverb Context Match
Biasala,sala,[Translation Missing],BANTU2,No Lexicon Match
Tshiseba,tshiseba,"Tshiseba kateketshi, nansha ba mutua mutshinu katu uteketa to.",tshiseba V;PRS,Local Proverb Context Match
uma,uma,"Bakuanyisha bulambi, bayebe wenda uma mbale.",uma V;PRS,Local Proverb Context Match
Kafuta,futa,[Translation Missing],futa V;PST;REC;3;SG,No Lexicon Match
Tshitu,tshitu,bone (Inferred via BantuBERTa),tshitu N;SG;BANTU10,BantuBERTa Vector Neighborhood
wadia,dia,"Kakulumpe kabanyabanya, kupa muana dinu dia mpuku ne, Muana wetu, umbule nshima.",dia V;PST;REC;2;SG,Local Proverb Context Match
batuta,tuta,[Translation Missing],tuta V;PRS,No Lexicon Match
kakuate,kuata,die (Inferred via BantuBERTa),kuata V;PST;REC;3;SG,BantuBERTa Vector Neighborhood
kantu,kantu,Kantu kabenda kantu mambu.,Kantu N;SG;BANTU1,Local Proverb Context Match
lelu,lelu,"Kunangidi bia lelu ewu to, bilengele bitshi lualua.",lelu,Local Proverb Context Match
banga,banga,woman (Inferred via BantuBERTa),banga,BantuBERTa Vector Neighborhood
Bidi,bidi,two,bidi N;SG;BANTU2,PanLex Exact Match
bufua,fua,[Translation Missing],fua V;PRS,No Lexicon Match
nsala,nsala,Katende kupopoka nsala nke buana bua nyunyi.,nsala V;PRS,Local Proverb Context Match
banyishanyisha,nyishanyisha,[Translation Missing],nyishanyisha V;PST,No Lexicon Match
mbiasa,mbiasa,Bilengela mbiasa munkelenda.,mbiasa N;SG;BANTU1,Local Proverb Context Match
bieba,eba,two (Inferred via BantuBERTa),eba V;PST;REC;2;PL,BantuBERTa Vector Neighborhood
katu,katu,one (Inferred via BantuBERTa),katu PRO;INT;BANTU15,BantuBERTa Vector Neighborhood
wa,wa,Lulengu musamu wa diabulu.,wa DET;POSS;PSS1P;BANTU1,Local Proverb Context Match
munu,munu,Munu umua kawena mua kukuma bionso.,uMunu N;SG;BANTU1,Local Proverb Context Match
kanyunyi,kanyunyi,"Wapesha kazolu, kupeshi kanyunyi.",nyunyi V;PST;REC;3;SG,Local Proverb Context Match
Kakasekasekabo,sekasekabo,[Translation Missing],sekasekabo V;PST;REC;3;SG,No Lexicon Match
bela,bela,"Bela nshiba mua matsho, mukalenga mesu ne ela panyi mmone.",BANTU2,Local Proverb Context Match
kalema,lema,woman (Inferred via BantuBERTa),lema V;PST;REC;3;SG,BantuBERTa Vector Neighborhood
umbule,umbule,bone (Inferred via BantuBERTa),umbule N;SG;BANTU1,BantuBERTa Vector Neighborhood
mutu,mutu,"human, human being, man (Inferred via BantuBERTa)",mutu N;SG;BANTU1,BantuBERTa Vector Neighborhood
ubandishila,bandishila,[Translation Missing],bandishila V;PRS,No Lexicon Match
Kunangidi,nangidi,[Translation Missing],nangidi V;PRS;HAB;3;SG,No Lexicon Match
wendenda,endenda,[Translation Missing],indenda N;SG;BANTU1,No Lexicon Match
mpala,mpala,"Bamona mpala batshina, bakimina dikoshi.",mpala N;SG;BANTU1,Local Proverb Context Match
mununka,nunka,"human, human being, man (Inferred via BantuBERTa)",mununka N;SG;BANTU1,BantuBERTa Vector Neighborhood
mbupite,bupita,Bulunda bupita mushinga.,mbupite N;SG;BANTU1,Local Proverb Context Match
tshitu,tshitu,bone (Inferred via BantuBERTa),tshitu N;SG;BANTU10,BantuBERTa Vector Neighborhood
tshitalu,tshitalu,Kajiji ka bundu kakaya ne tshitalu mutshina.,tshitalu V;PRS;HAB;1;PL,Local Proverb Context Match
chomba,chomba,"Kuibidija mpuku chomba, ni akudila matala.",chomba V;PRS,Local Proverb Context Match
wenda,enda,Enda biteketa dibaka mbudimi bua meba.,enda V;NFIN,Local Proverb Context Match
wetu,wetu,bone (Inferred via BantuBERTa),wetu DET;POSS;PSS1P;BANTU1,BantuBERTa Vector Neighborhood
kitshituyi,tshituyi,[Translation Missing],tshituyi V;PRS;HAB;3;SG,No Lexicon Match
nkakadiundadiunda,diundadiunda,[Translation Missing],diundadiunda V;PST;REM;1;SG,No Lexicon Match
ka,ka,Kajiji ka bundu kakaya ne tshitalu mutshina.,ka V;PRS,Local Proverb Context Match
kuulu,kuulu,"Biwamona katende kuulu kwa mutshi kimana kakupa mutu, wamanya tshikondo ntshikole.",kuulu N;SG;BANTU15,Local Proverb Context Match
bwa,wa,Lulengu musamu wa diabulu.,bwa V;PRS,Local Proverb Context Match
mu,mu,one,mu DET;PROX;BANTU1,PanLex Exact Match
Kabuya,buya,woman (Inferred via BantuBERTa),buya V;PST;REC;3;SG,BantuBERTa Vector Neighborhood
ndambilu,ndambilu,two (Inferred via BantuBERTa),ndambilu N;SG;BANTU10,BantuBERTa Vector Neighborhood
mukuta,ta,die (Inferred via BantuBERTa),mukuta N;SG;BANTU1,BantuBERTa Vector Neighborhood
mupongu,mupongu,"Ndombo nkese waba nkaka, muena mupongu wa tshoto ulowa bulowavi.",mupongu N;SG;BANTU1,Local Proverb Context Match
watshiakabi,tshiakabi,[Translation Missing],tshiakabi V;PST;REC;2;SG,No Lexicon Match
mpusu,mpusu,"Diwadia tshula, kindiwamena mpusu to.",mpusu N;SG;BANTU1,Local Proverb Context Match
kabiena,biena,two (Inferred via BantuBERTa),biena V;PST;REC;3;SG,BantuBERTa Vector Neighborhood
nfuaka,fuaka,[Translation Missing],nfuaka,No Lexicon Match
bienzelu,enzelu,[Translation Missing],enzelu V;PRS;HAB;3;PL,No Lexicon Match
Bulunda,bantu14,[Translation Missing],bulunda V;PRS,No Lexicon Match
mutshina,mutshina,Kajiji ka bundu kakaya ne tshitalu mutshina.,mutshina N;SG;BANTU1,Local Proverb Context Match
teleja,ja,"human, human being, man (Inferred via BantuBERTa)",teleja V;PRS,BantuBERTa Vector Neighborhood
tshikulule,tshikulula,ear (Inferred via BantuBERTa),tshikulula V;PST;REC;1;PL,BantuBERTa Vector Neighborhood
mbale,bala,[Translation Missing],mbale N;SG;BANTU1,No Lexicon Match
Tshishi,tshishi,Tshishi tshidiadia lukunda tshidi munda mua lukunda.,uTshishi N;SG;BANTU1,Local Proverb Context Match
Bamona,mona,[Translation Missing],BANTU10,No Lexicon Match
musamu,musamu,Lulengu musamu wa diabulu.,musamu N;SG;BANTU1,Local Proverb Context Match
wakadia,dia,"Kakulumpe kabanyabanya, kupa muana dinu dia mpuku ne, Muana wetu, umbule nshima.",dia V;PST;REM;2;SG,Local Proverb Context Match
kumona,mona,[Translation Missing],BANTU10,No Lexicon Match
kola,kola,Kubunda maalu nku kola.,kola V;PRS,Local Proverb Context Match
Kakulakaji,lakaji,[Translation Missing],lakaji V;PST;REC;3;SG,No Lexicon Match
ukuna,ukuna,Tshitu Muntu ukuna kitshituyi upola.,ukuna N;SG;BANTU1,Local Proverb Context Match
yaki,waki,[Translation Missing],waki DET;POSS;PSS1P;BANTU9,No Lexicon Match
mianda,mwaanda mukulu,eight,anda V;PRS,Substring Overlap
bijimina,jimina,[Translation Missing],bijimina V;PRS,No Lexicon Match
kumanyi,manya,[Translation Missing],manya V;NFIN,No Lexicon Match
kuikala,ikala,[Translation Missing],ikala V;NFIN,No Lexicon Match
kawena,wena,[Translation Missing],wena V;PST;REC;3;SG,No Lexicon Match
katende,tenda,[Translation Missing],tenda V;PST;REC;1;PL,No Lexicon Match
biwashala,shala,[Translation Missing],shala V;PST;REC;3;PL,No Lexicon Match
mutshelela,tshelela,[Translation Missing],tshelela V;PRS,No Lexicon Match
bitupu,tupu,[Translation Missing],tupu V;PRS;HAB;3;PL,No Lexicon Match
tshibelu,tshibelu,"Kabundi dinkelengeze, tshibelu tshimue ne ntshiuwule nyingu.",tshibelu V;PRS,Local Proverb Context Match
Kadianyishi,dianyishi,[Translation Missing],dianyishi V;PST;REC;3;SG,No Lexicon Match
tshi,tshi,Tshishi tshikonyangana mushiku tshidi ne muatshi mudiadia tshi.,tshi PRO;INT;INTENS,Local Proverb Context Match
tumpu,tumpu,Tshidibudibu tumpu ntumpu mianda yakakala kinyalelu.,tumpu N;SG;BANTU11,Local Proverb Context Match
Kadilu,mudilu,fire,Kadilu N;SG;BANTU15,Substring Overlap
mutshimabimpa,bimpa,"Muena tshanza tshia mutshima ,bimpa kutshi kosa.",mutshimabimpa N;SG;BANTU1,Local Proverb Context Match
Muana,ana,[Translation Missing],uMuana N;SG;BANTU1,No Lexicon Match
matsho,matsho,"Bela nshiba mua matsho, mukalenga mesu ne ela panyi mmone.",matsho N;PL;BANTU6,Local Proverb Context Match
dimue,mua,bone (Inferred via BantuBERTa),mua V;PST;REC;3;SG,BantuBERTa Vector Neighborhood
kabuta,buta,[Translation Missing],buta V;PST;REC;3;SG,No Lexicon Match
Kebeji,kebeji,Kebeji wa kajimina.,Kebeji N;SG;BANTU1,Local Proverb Context Match
ela,ela,"Bela nshiba mua matsho, mukalenga mesu ne ela panyi mmone.",ela V;PRS,Local Proverb Context Match
mukuenu,enu,[Translation Missing],mukuenu N;SG;BANTU1,No Lexicon Match
ntumpu,ntumpu,Tshidibudibu tumpu ntumpu mianda yakakala kinyalelu.,ntumpu N;SG;BANTU9,Local Proverb Context Match
Katende,tenda,[Translation Missing],tenda V;PST;REC;1;PL,No Lexicon Match
ne,ne,"Bela nshiba mua matsho, mukalenga mesu ne ela panyi mmone.",ne PRO;INT;INTENS,Local Proverb Context Match
bayenda,yenda,one (Inferred via BantuBERTa),yenda V;PRS,BantuBERTa Vector Neighborhood
bakimina,mina,[Translation Missing],mina V;PRS;PROG;3;PL,No Lexicon Match
mua,mua,"human, human being, man (Inferred via BantuBERTa)",mua V;PRS,BantuBERTa Vector Neighborhood
to,to,one (Inferred via BantuBERTa),umunoun class PRO;INT;PROX,BantuBERTa Vector Neighborhood
Munu,umunu,[Translation Missing],uMunu N;SG;BANTU1,No Lexicon Match
nsengu,nsengu,Kabuluku katu katumbisha yaki nsengu.,nsengu N;SG;BANTU10,Local Proverb Context Match
diakuila,ila,[Translation Missing],ila V;PST;REC;3;SG,No Lexicon Match
Mulombela,lombela,[Translation Missing],uMulombela N;SG;BANTU1,No Lexicon Match
musenga,senga,ear (Inferred via BantuBERTa),musenga N;SG;BANTU1,BantuBERTa Vector Neighborhood
Ndombo,undombo,[Translation Missing],uNdombo,No Lexicon Match
nzambi,nzambi,bone (Inferred via BantuBERTa),uNzambi,BantuBERTa Vector Neighborhood
Bela,bela,"Bela nshiba mua matsho, mukalenga mesu ne ela panyi mmone.",BANTU2,Local Proverb Context Match
mutshima,mutshima,"Muena tshanza tshia mutshima ,bimpa kutshi kosa.",mutshima N;SG;BANTU1,Local Proverb Context Match
buku,buku,Nzolu wa kufua anu pa bulunda ne pa buku.,buku DET;POSS;PSS1P;BANTU14,Local Proverb Context Match
bunene,nene,[Translation Missing],nene ADJ;BANTU14,No Lexicon Match
Babela,bela,"Bela nshiba mua matsho, mukalenga mesu ne ela panyi mmone.",BANTU2,Local Proverb Context Match
Mulunda,lunda,[Translation Missing],uMulunda N;SG;BANTU1,No Lexicon Match
biuma,uma,woman (Inferred via BantuBERTa),biuma V;PRS,BantuBERTa Vector Neighborhood
kalela,kalela,Butuku bua kalela muana disu difua.,kalela V;PRS,Local Proverb Context Match
pakena,kena,[Translation Missing],pakena V;PST;REC;3;SG,No Lexicon Match
pabula,pabula,Mbuji utu udia pabula bua monji wenda.,pabula V;PST;REC;3;SG,Local Proverb Context Match
bandisha,bandisha,Dipuekesha baku bandisha.,bandisha V;PRS,Local Proverb Context Match
biende,enda,Enda biteketa dibaka mbudimi bua meba.,enda V;NFIN,Local Proverb Context Match
ngudiadia,dia,"Kakulumpe kabanyabanya, kupa muana dinu dia mpuku ne, Muana wetu, umbule nshima.",ngudiadia N;SG;BANTU10,Local Proverb Context Match
Kuibidija,bidi,two,ibidija V;NFIN,Substring Overlap
ba,ba,one (Inferred via BantuBERTa),ba V;PRS,BantuBERTa Vector Neighborhood
bujitu,jitu,[Translation Missing],jitu V;PRS;HAB;3;SG,No Lexicon Match
tshinya,tshinya,bone (Inferred via BantuBERTa),tshinya V;PRS,BantuBERTa Vector Neighborhood
mpasu,mpasu,"Kwatshila muana mpasu, pakola muana ni akukuatshia pende.",mpasu N;SG;BANTU1,Local Proverb Context Match
uteketa,teketa,one (Inferred via BantuBERTa),teketa V;PRS,BantuBERTa Vector Neighborhood
amu,wamu,[Translation Missing],amu DET;POSS;PSS1P;BANTU6,No Lexicon Match
kakaya,ya,Nkunda ya benyi iboba ni mata.,kaya V;PST;REC;3;SG,Local Proverb Context Match
biapita,pita,[Translation Missing],pita V;PST;REC;3;SG,No Lexicon Match
kakashiya,shiya,[Translation Missing],shiya V;PST;REM;3;SG,No Lexicon Match
kuleja,leja,woman (Inferred via BantuBERTa),leja V;NFIN,BantuBERTa Vector Neighborhood
lualua,lualua,"Kunangidi bia lelu ewu to, bilengele bitshi lualua.",lualua V;PRS,Local Proverb Context Match
buenda,enda,Enda biteketa dibaka mbudimi bua meba.,enda V;NFIN,Local Proverb Context Match
bidia,dia,"Kakulumpe kabanyabanya, kupa muana dinu dia mpuku ne, Muana wetu, umbule nshima.",bidia V;PRS,Local Proverb Context Match
panyi,panya,[Translation Missing],panya V;PRS,No Lexicon Match
Nyunga,nyunga,Nyunga diakuila ne kuta ka diakuila uta kabomba.,Nyunga N;SG;BANTU10,Local Proverb Context Match
wabenda,benda,[Translation Missing],benda V;PST;REC;2;SG,No Lexicon Match
Kubunda,bunda,[Translation Missing],bunda V;PRS;HAB;3;SG,No Lexicon Match
tshota,tshota,Kwitabi mbulowa bwa tshota.,tshota V;PRS,Local Proverb Context Match
mbudimi,dimi,tongue,mbudimi N;SG;BANTU1,Substring Overlap
Mulopwe,umulopwe,[Translation Missing],uMulopwe N;SG;BANTU1,No Lexicon Match
Kankamana,mana,[Translation Missing],mana V;PRS;HAB;3;SG,No Lexicon Match
lubalabala,balabala,die (Inferred via BantuBERTa),balabala V;PRS;HAB;3;SG,BantuBERTa Vector Neighborhood
ngulu,ngulu,"Kadia kabikila, wakadia ne ngulu.",ngulu N;SG;BANTU10,Local Proverb Context Match
buana,buana,Katende kupopoka nsala nke buana bua nyunyi.,buana V;PRS,Local Proverb Context Match
kuindidi,indidi,[Translation Missing],indidi N;SG;BANTU15,No Lexicon Match
Kabuluku,buluku,[Translation Missing],buluku V;PST;REC;3;SG,No Lexicon Match
Udiadia,adia,[Translation Missing],udiadia N;SG;BANTU1,No Lexicon Match
waya,waya,"Baya waya, biwashala washadila amu.",waya DET;POSS;PSS1P;BANTU1,Local Proverb Context Match
kapingana,pingana,[Translation Missing],pingana V;PST;REC;3;SG,No Lexicon Match
uta,uta,"Kankamana, tshidimu tshiakulua uta kasanka biebe.",uta V;PRS,Local Proverb Context Match
mbonga,mbonga,one (Inferred via BantuBERTa),mbonga N;SG;BANTU1,BantuBERTa Vector Neighborhood
neumone,mona,[Translation Missing],mona V;PST;REC;1;SG,No Lexicon Match
mufu,mufu,"human, human being, man (Inferred via BantuBERTa)",mufu N;SG;BANTU1,BantuBERTa Vector Neighborhood
disu,disu,Butuku bua kalela muana disu difua.,disu DET;POSS;PSS1P;BANTU10,Local Proverb Context Match
mweneba,eneba,[Translation Missing],eneba V;PRS;HAB;2;PL,No Lexicon Match
Kashingi,ingi,water,shingi ADJ;BANTU1,Substring Overlap
tshikonyangana,tshikonyangana,Tshishi tshikonyangana mushiku tshidi ne muatshi mudiadia tshi.,tshikonyangana V;PRS,Local Proverb Context Match
mushinga,shinga,[Translation Missing],mushinga N;SG;BANTU1,No Lexicon Match
kwabu,wabu,[Translation Missing],kwabu DET;POSS;PSS1P;BANTU15,No Lexicon Match
tshidimu,tshidimu,"Kankamana, tshidimu tshiakulua uta kasanka biebe.",tshidimu V;PRS;HAB;1;PL,Local Proverb Context Match
kadie,dia,"Kakulumpe kabanyabanya, kupa muana dinu dia mpuku ne, Muana wetu, umbule nshima.",dia V;PRS,Local Proverb Context Match
nzevu,nzevu,die (Inferred via BantuBERTa),nzevu N;SG;BANTU10,BantuBERTa Vector Neighborhood
bionso,bionso,Munu umua kawena mua kukuma bionso.,onso V;PRS;HAB;3;PL,Local Proverb Context Match
mbayende,yenda,one (Inferred via BantuBERTa),mbayende N;PL;BANTU1,BantuBERTa Vector Neighborhood
kwa,kwa,Kuabenda nkulu kwa mutshi.,kwa DET;POSS;PSS1P;BANTU15,Local Proverb Context Match
Yi,yi,"Tshidia tshiukuta, tshiabikila Mulopwe ne, Yi manseba.",yi DET;PROX;BANTU9,Local Proverb Context Match
nzala,nzala,Muana tshishiku muana nzala.,nzala N;SG;BANTU10,Local Proverb Context Match
kua,kua,woman (Inferred via BantuBERTa),kua V;PRS,BantuBERTa Vector Neighborhood
ntulu,ntulu,Lufu ntulu.,ntulu N;SG;BANTU10,Local Proverb Context Match
tshifuafua,tshifuafua,"Tshifuafua ndibaka, bulunda kabuena bufua (Bulunda kabufu, tshifuafua ndibaka).",tshifuafua V;PRS,Local Proverb Context Match
Mukalenga,lenga,[Translation Missing],lenga V;PST;REM;2;SG,No Lexicon Match
Bupua,pua,[Translation Missing],pua V;PRS,No Lexicon Match
biasuayi,suayi,bone (Inferred via BantuBERTa),suayi V;PST;REC;3;PL,BantuBERTa Vector Neighborhood
Kabukebakeba,bukebakeba,[Translation Missing],bukebakeba V;PST;REC;3;SG,No Lexicon Match
Bakupa,pa,"Tshikuyu tu tshikulule musenga, muena tshilema tumubela pa bantu.",pa V;PRS;PROG;3;PL,Local Proverb Context Match
Kusuluilu,suluilu,[Translation Missing],suluilu V;PRS;HAB;3;SG,No Lexicon Match
ntuilu,ntuilu,two (Inferred via BantuBERTa),ntuilu N;SG;BANTU9,BantuBERTa Vector Neighborhood
bidimu,bidi,two,bidimu N;PL;BANTU2,Substring Overlap
kalua,lua,bone (Inferred via BantuBERTa),lua V;PST;REC;3;SG,BantuBERTa Vector Neighborhood
mudima,dima,[Translation Missing],mudima N;SG;BANTU1,No Lexicon Match
nshiba,nshiba,"Bela nshiba mua matsho, mukalenga mesu ne ela panyi mmone.",nshiba N;SG;BANTU9,Local Proverb Context Match
Bilengela,lengela,[Translation Missing],BANTU14,No Lexicon Match
nkulu,nkulu,Kuabenda nkulu kwa mutshi.,nkulu N;SG;BANTU10,Local Proverb Context Match
munda,munda,Tshiyaya munda ki tshieba.,munda V;PRS,Local Proverb Context Match
Kantu,kantu,Kantu kabenda kantu mambu.,Kantu N;SG;BANTU1,Local Proverb Context Match
tshimue,tshimua,[Translation Missing],tshimua V;PST;REC;1;PL,No Lexicon Match
buanga,buanga,Budimu bupite buanga.,buanga,Local Proverb Context Match
tshoto,tshoto,"Ndombo nkese waba nkaka, muena mupongu wa tshoto ulowa bulowavi.",tshoto N;SG;BANTU10,Local Proverb Context Match
nyingu,nyingu,"Kabundi dinkelengeze, tshibelu tshimue ne ntshiuwule nyingu.",nyingu N;SG;BANTU9,Local Proverb Context Match
bantu,bantu,ear (Inferred via BantuBERTa),BANTU2,BantuBERTa Vector Neighborhood
kakuluile,kulua,[Translation Missing],kulua V;PST;REC;3;SG,No Lexicon Match
Diwadia,wadia,Udiadia wadia tshibi matandu.,Diwadia N;SG;BANTU10,Local Proverb Context Match
tshula,tshula,"Diwadia tshula, kindiwamena mpusu to.",tshula V;PRS,Local Proverb Context Match
nkantu,nkantu,die (Inferred via BantuBERTa),nkantu N;SG;BANTU10,BantuBERTa Vector Neighborhood
kimana,mana,[Translation Missing],kimana N;SG;BANTU15,No Lexicon Match
tshianza,anza,hand,tshianza V;PRS,PanLex Exact Match
filaku,fila,woman (Inferred via BantuBERTa),filaku V;PST,BantuBERTa Vector Neighborhood
kuenda,enda,Enda biteketa dibaka mbudimi bua meba.,enda V;NFIN,Local Proverb Context Match
tatu,tatu,woman (Inferred via BantuBERTa),tatu PRO;INT;INTENS,BantuBERTa Vector Neighborhood
Dipuekesha,puekesha,[Translation Missing],Dipuekesha V;PRS;HAB;3;SG,No Lexicon Match
mutshinu,mutshinu,one (Inferred via BantuBERTa),mutshinu N;SG;BANTU1,BantuBERTa Vector Neighborhood
kasanka,sanka,[Translation Missing],sanka V;PST;REC;3;SG,No Lexicon Match
matala,tala,[Translation Missing],matala N;PL;BANTU6,No Lexicon Match
muntu,muntu,"human, human being, man",uMuntu N;SG;BANTU1,PanLex Exact Match
mumue,mumua,two (Inferred via BantuBERTa),mumua V;PST;REC;2;PL,BantuBERTa Vector Neighborhood
teka,teka,bone (Inferred via BantuBERTa),teka,BantuBERTa Vector Neighborhood
Tshidia,tshidia,"Tshidia tshiukuta, tshiabikila Mulopwe ne, Yi manseba.",Tshidia V;PRS;HAB;3;SG,Local Proverb Context Match
Walala,lala,[Translation Missing],lala V;PST;REC;2;SG,No Lexicon Match
kakuatshile,kuatsha,die (Inferred via BantuBERTa),kuatsha V;PST;REC;3;SG,BantuBERTa Vector Neighborhood
wajima,jima,die (Inferred via BantuBERTa),jima V;PST;REC;2;SG,BantuBERTa Vector Neighborhood
nzubu,nzubu,Kakulakaji kadie kosha nzubu.,nzubu N;SG;BANTU10,Local Proverb Context Match
kabuena,buena,[Translation Missing],buena V;PST;REC;3;SG,No Lexicon Match
nguewe,nguewe,"Kandindi sama mapa, wakasua kuenda mulu muebe nguewe.",nguewe N;SG;BANTU10,Local Proverb Context Match
ya,ya,Nkunda ya benyi iboba ni mata.,ya DET;POSS;PSS1P;BANTU9,Local Proverb Context Match
babidi,bidi,two,bidi V;PST;REC;3;PL,PanLex Exact Match
ngudi,ngudi,Nkashama udi wenda mudima ngudi unyanga tshienda tshiseba.,ngudi N;SG;BANTU10,Local Proverb Context Match
lwanga,lwanga,"Kusuluilu tshamukwenu lwanga, mukuenu mutshelela biende meji.",lwanga V;PRS,Local Proverb Context Match
kutshina,tshina,[Translation Missing],tshina V;PRS;HAB;3;SG,No Lexicon Match
tumonangana,monangana,[Translation Missing],monangana V;PRS,No Lexicon Match
kindiwamena,mena,[Translation Missing],kindiwamena N;SG;BANTU15,No Lexicon Match
kadi,kadi,"human, human being, man (Inferred via BantuBERTa)",kadi PRO;INT;INTENS,BantuBERTa Vector Neighborhood
kavuala,vuala,Kunangidi mu muavuala vuala kabuta waya kavuala tshieba tshidimu.,vuala V;PST;REC;2;PL,Local Proverb Context Match
munyoka,nyoka,[Translation Missing],munyoka N;SG;BANTU1,No Lexicon Match
Muntu,muntu,"human, human being, man",uMuntu N;SG;BANTU1,PanLex Exact Match
Tshiadima,dima,[Translation Missing],Tshiadima V;PRS;HAB;1;SG,No Lexicon Match
pakola,kola,Kubunda maalu nku kola.,pakola V;PST,Local Proverb Context Match
bupita,pita,[Translation Missing],pita V;PRS,No Lexicon Match
nkabumonamona,bumonamona,[Translation Missing],nkabumonamona N;SG;BANTU1,No Lexicon Match
munkelenda,lenda,[Translation Missing],lenda V;PRS;HAB;2;PL,No Lexicon Match
kajiji,jiji,[Translation Missing],jiji V;PST;REC;3;SG,No Lexicon Match
bikole,kola,Kubunda maalu nku kola.,kola V;PST;REC;3;PL,Local Proverb Context Match
mibanga,banga,die (Inferred via BantuBERTa),mibanga N;PL;BANTU4,BantuBERTa Vector Neighborhood
Tshikuyu,kuyu,ear (Inferred via BantuBERTa),uTshikuyu N;SG;BANTU1,BantuBERTa Vector Neighborhood
mudinaya,ya,Nkunda ya benyi iboba ni mata.,mudinaya N;SG;BANTU1,Local Proverb Context Match
mapa,pa,"Tshikuyu tu tshikulule musenga, muena tshilema tumubela pa bantu.",pa V;PST;REC;2;PL,Local Proverb Context Match
kasu,kasu,bone (Inferred via BantuBERTa),kasu PRO;INT;BANTU15,BantuBERTa Vector Neighborhood
diabulu,abulu,[Translation Missing],diabulu N;SG;BANTU10,No Lexicon Match
Padi,mupadi,[Translation Missing],Padi,No Lexicon Match
udi,udi,Nkashama udi wenda mudima ngudi unyanga tshienda tshiseba.,udi N;SG;BANTU1,Local Proverb Context Match
utu,utu,Mbuji utu udia pabula bua monji wenda.,utu DET;PROX;BANTU1,Local Proverb Context Match
Mbuji,umbuji,[Translation Missing],mbuji N;SG;BANTU1,No Lexicon Match
Bantu,bantu2,ear (Inferred via BantuBERTa),BANTU2,BantuBERTa Vector Neighborhood
muenenbu,enenbu,[Translation Missing],enenbu V;PRS;HAB;2;PL,No Lexicon Match
panshi,panshi,"Muena buebe, wa buamba bikole nanku bena panshi bakwatshishabu.",panshi N;SG;BANTU1,Local Proverb Context Match
Bakuanyisha,anyisha,[Translation Missing],anyisha V;PRS;PROG;3;PL,No Lexicon Match
Tshiyaya,tshiyaya,Tshiyaya munda ki tshieba.,uTshiyaya N;SG;BANTU10,Local Proverb Context Match
biteketa,teketa,[Translation Missing],teketa V;PRS,No Lexicon Match
Tshiamuntu,muntu,"human, human being, man",umuntu N;SG;BANTU1,Substring Overlap
bulambi,bulambi,"Bakuanyisha bulambi, bayebe wenda uma mbale.",bulambi N;SG;BANTU14,Local Proverb Context Match
muamba,amba,"human, human being, man (Inferred via BantuBERTa)",amba V;PRS,BantuBERTa Vector Neighborhood
bupua,pua,[Translation Missing],pua V;PRS,No Lexicon Match
tshia,tshia,"Muena tshanza tshia mutshima ,bimpa kutshi kosa.",tshia V;PRS,Local Proverb Context Match
bulunda,bulunda,Nzolu wa kufua anu pa bulunda ne pa buku.,bulunda V;PRS,Local Proverb Context Match
muena,ena,[Translation Missing],ena V;PRS,No Lexicon Match
mata,mata,Nkunda ya benyi iboba ni mata.,mata N;PL;BANTU6,Local Proverb Context Match
wapita,pita,[Translation Missing],pita V;PST;REC;3;SG,No Lexicon Match
Kandindi,kandindi,"Kandindi sama mapa, wakasua kuenda mulu muebe nguewe.",Kandindi N;SG;BANTU1,Local Proverb Context Match
tshienda,enda,Enda biteketa dibaka mbudimi bua meba.,tshienda V;PRS,Local Proverb Context Match
bakamutapa,mutapa,[Translation Missing],mutapa V;PST;REM;3;PL,No Lexicon Match
bupite,pita,[Translation Missing],pita V;PST;REC;3;SG,No Lexicon Match
uleja,ja,[Translation Missing],leja V;PRS,No Lexicon Match
tshiakulua,lua,[Translation Missing],tshiakulua V;PST,No Lexicon Match
tudi,tudi,"Padi tutende tumonangana, tudi tutendangana.",tudi N;SG;BANTU11,Local Proverb Context Match
Kadia,dia,"Kakulumpe kabanyabanya, kupa muana dinu dia mpuku ne, Muana wetu, umbule nshima.",dia V;PRS;HAB;3;SG,Local Proverb Context Match
mpelelu,mpelelu,two (Inferred via BantuBERTa),mpelelu N;SG;BANTU1,BantuBERTa Vector Neighborhood
Kwatshila,tshila,[Translation Missing],tshila V;PST;REC;3;SG,No Lexicon Match
upanga,panga,woman (Inferred via BantuBERTa),panga V;PRS,BantuBERTa Vector Neighborhood
katshidi,tshidi,die (Inferred via BantuBERTa),tshidi V;PST;REC;3;SG,BantuBERTa Vector Neighborhood
Lulengu,lengu,[Translation Missing],Lulengu N;SG;BANTU11,No Lexicon Match
ntshintu,ntshintu,die (Inferred via BantuBERTa),ntshintu N;SG;BANTU10,BantuBERTa Vector Neighborhood
yakakala,kala,[Translation Missing],kala V;PST;REM;3;SG,No Lexicon Match
mumukana,kana,[Translation Missing],mumukana N;SG;BANTU1,No Lexicon Match
kupopoka,popoka,[Translation Missing],popoka V;NFIN,No Lexicon Match
Nkashama,shama,[Translation Missing],shama V;PST;REC;1;SG,No Lexicon Match
mwanda,mwaanda mukulu,eight,anda V;PRS;HAB;2;PL,Substring Overlap
mutua,mutua,one (Inferred via BantuBERTa),mutua N;SG;BANTU1,BantuBERTa Vector Neighborhood
meji,meji,"Kusuluilu tshamukwenu lwanga, mukuenu mutshelela biende meji.",meji N;SG;BANTU1,Local Proverb Context Match
mabanza,anza,hand,banza V;PST;REC;2;PL,Substring Overlap
ni,ni,"Kuibidija mpuku chomba, ni akudila matala.",ni COP;IDENT,Local Proverb Context Match
nyama,nyama,"Kabua kalubilu kakashiya nyama panshi,",nyama N;SG;BANTU9,Local Proverb Context Match
dinu,winu,bone (Inferred via BantuBERTa),dinu DET;POSS;PSS1P;BANTU10,BantuBERTa Vector Neighborhood
bulowavi,bulowavi,"Ndombo nkese waba nkaka, muena mupongu wa tshoto ulowa bulowavi.",bulowavi N;SG;BANTU14,Local Proverb Context Match
munkatshi,munkatshi,one (Inferred via BantuBERTa),munkatshi N;SG;BANTU1,BantuBERTa Vector Neighborhood
muimpe,impe,[Translation Missing],impe N;SG;BANTU1,No Lexicon Match
bwalu,walu,[Translation Missing],bwalu DET;POSS;PSS1P;BANTU14,No Lexicon Match
bimpa,mpa,[Translation Missing],bimpa V;PRS,No Lexicon Match
Lufu,fu,[Translation Missing],Lufu N;SG;BANTU11,No Lexicon Match
kosa,kosa,"Muena tshanza tshia mutshima ,bimpa kutshi kosa.",kosa V;PRS;HAB;3;SG,Local Proverb Context Match
Tshidibudibu,tshidibudibu,Tshidibudibu tumpu ntumpu mianda yakakala kinyalelu.,uTshidibudibu,Local Proverb Context Match
nke,nke,Katende kupopoka nsala nke buana bua nyunyi.,nke DET;POSS;PSS1S;BANTU9,Local Proverb Context Match
kitsidiyi,tsidiyi,"human, human being, man (Inferred via BantuBERTa)",tsidiyi V;PRS;HAB;3;SG,BantuBERTa Vector Neighborhood
tshibi,tshibi,Udiadia wadia tshibi matandu.,tshibi,Local Proverb Context Match
kalubilu,kalubilu,"Kabua kalubilu kakashiya nyama panshi,",kalubilu N;SG;BANTU15,Local Proverb Context Match
kabanyabanya,banyabanya,bone (Inferred via BantuBERTa),banyabanya V;PST;REC;3;SG,BantuBERTa Vector Neighborhood
kupa,kupa,bone,pa V;PRS;PROG;3;PL,PanLex Exact Match
nanku,nanku,"Muena buebe, wa buamba bikole nanku bena panshi bakwatshishabu.",nanku N;SG;BANTU9,Local Proverb Context Match
bayebe,yeba,[Translation Missing],yeba V;PST;REC;3;PL,No Lexicon Match
mudiadia,dia,"Kakulumpe kabanyabanya, kupa muana dinu dia mpuku ne, Muana wetu, umbule nshima.",mudiadia N;SG;BANTU1,Local Proverb Context Match
mbulowa,mbulowa,Kwitabi mbulowa bwa tshota.,mbulowa N;SG;BANTU1,Local Proverb Context Match
kabikila,bikila,[Translation Missing],bikila V;PST;REC;3;SG,No Lexicon Match
batu,batu,Mulunda mwimpe batu bamumanya diba diadikenga.,batu PRO;INT;BANTU2,Local Proverb Context Match
difua,fua,[Translation Missing],fua V;PRS,No Lexicon Match
Kutshina,tshina,[Translation Missing],tshina V;PRS;HAB;3;SG,No Lexicon Match
bulelela,bulelela,"human, human being, man (Inferred via BantuBERTa)",bulelela V;PRS,BantuBERTa Vector Neighborhood
kupeshi,pesha,[Translation Missing],pesha V;NFIN,No Lexicon Match
kabomba,bomba,[Translation Missing],bomba V;PST;REC;3;SG,No Lexicon Match
mutshi,mutshi,Kuabenda nkulu kwa mutshi.,mutshi N;SG;BANTU1,Local Proverb Context Match
Butuku,bantu14,[Translation Missing],BANTU14,No Lexicon Match
kanza,anza,hand,kanza,Substring Overlap
pabule,pabula,Mbuji utu udia pabula bua monji wenda.,pabula V;PST;REC;3;SG,Local Proverb Context Match
ntshipapayi,ntshipapayi,bone (Inferred via BantuBERTa),ntshipapayi N;SG;BANTU10,BantuBERTa Vector Neighborhood
kajiminyi,jiminyi,one (Inferred via BantuBERTa),jiminyi V;PST;REC;3;SG,BantuBERTa Vector Neighborhood
mulu,mulume,man,mulu N;SG;BANTU1,Substring Overlap
maalu,maalu,Kubunda maalu nku kola.,maalu N;PL;BANTU6,Local Proverb Context Match
bakwatshishabu,tshishabu,[Translation Missing],kwatshishabu V;PST;REC;3;PL,No Lexicon Match
diba,diba,Mulunda mwimpe batu bamumanya diba diadikenga.,diba,Local Proverb Context Match
banyi,banyi,"Tshiadima umue, tshadia banyi.",banyi DET;POSS;PSS2P;BANTU2,Local Proverb Context Match
kuta,ta,[Translation Missing],ta V;NFIN,No Lexicon Match
mule,mule,die (Inferred via BantuBERTa),mule N;SG;BANTU1,BantuBERTa Vector Neighborhood
katumbisha,tumba,[Translation Missing],tumbisha V;PST;REC;3;SG,No Lexicon Match
mbuji,mbuji,Mbuji utu udia pabula bua monji wenda.,mbuji N;SG;BANTU1,Local Proverb Context Match
budika,budika,bone (Inferred via BantuBERTa),budika V;PRS,BantuBERTa Vector Neighborhood
tshidiadia,tshidiadia,Tshishi tshidiadia lukunda tshidi munda mua lukunda.,tshidiadia V;PRS,Local Proverb Context Match
Wapesha,pesha,[Translation Missing],pesha V;PST;REC;3;SG,No Lexicon Match
mukole,kola,"human, human being, man (Inferred via BantuBERTa)",kola V;PST;REC;2;PL,BantuBERTa Vector Neighborhood
Nzambi,unzambi,[Translation Missing],uNzambi,No Lexicon Match
badiadia,adia,one (Inferred via BantuBERTa),diadia V;PRS,BantuBERTa Vector Neighborhood
mputa,mputa,"Kajiji munyoka, pakena mputa, bashibeya (batuta) kajiji.",mputa N;SG;BANTU1,Local Proverb Context Match
Biwamona,mona,[Translation Missing],BANTU10,No Lexicon Match
ngoma,ngoma,Muana utu ukuma ngoma bantu bakola baja maja.,ngoma N;SG;BANTU9,Local Proverb Context Match
biasueye,suaya,bone (Inferred via BantuBERTa),suaya V;PST;REC;3;PL,BantuBERTa Vector Neighborhood
Kupa,kupa,bone,pa V;PRS;PROG;3;PL,PanLex Exact Match
mushiku,mushiku,Tshishi tshikonyangana mushiku tshidi ne muatshi mudiadia tshi.,mushiku N;SG;BANTU1,Local Proverb Context Match
mwimpe,impe,[Translation Missing],impe N;SG;BANTU1,No Lexicon Match
nkama,nkama,"Kabulekedi, nansha bidimu biapita nkama.",nkama N;SG;BANTU9,Local Proverb Context Match
kabo,kabo,Kalume kabo nkufikisha bujitu.,kabo,Local Proverb Context Match
bashibeya,shibeya,[Translation Missing],shibeya V;PST,No Lexicon Match
wakafuisha,fuisha,one (Inferred via BantuBERTa),fuisha V;PST;REC;3;SG,BantuBERTa Vector Neighborhood
ukuma,ukuma,Muana utu ukuma ngoma bantu bakola baja maja.,ukuma N;SG;BANTU15,Local Proverb Context Match
benyi,benya,[Translation Missing],benya V;PRS,No Lexicon Match
tshiyiya,tshiyiya,"Kusekiseki mweneba , kumanyi manyi tshiyiya.",tshiyiya V;PRS,Local Proverb Context Match
Dinanga,dinanga,Dinanga ndilengela ne bienzelu.,Dinanga N;SG;BANTU10,Local Proverb Context Match
Udamadima,dima,[Translation Missing],udamadima N;PL;BANTU1,No Lexicon Match
Kuabenda,benda,[Translation Missing],benda V;PST;REC;3;SG,No Lexicon Match
kangula,kangula,Kashingi kangula mudinaya katukajimina anu mudinaya.,kangula V;PRS,Local Proverb Context Match
ndibaka,baka,[Translation Missing],ndibaka N;SG;BANTU10,No Lexicon Match
manyi,manya,[Translation Missing],manya V;PRS,No Lexicon Match
wakasua,sua,[Translation Missing],sua V;PST;REM;2;SG,No Lexicon Match
Kwitabi,itabi,[Translation Missing],itabi N;SG;BANTU15,No Lexicon Match
mesu,mesu,"Bela nshiba mua matsho, mukalenga mesu ne ela panyi mmone.",mesu N;SG;BANTU1,Local Proverb Context Match
manene,nene,one (Inferred via BantuBERTa),nene ADJ;BANTU6,BantuBERTa Vector Neighborhood
ki,ki,Tshiyaya munda ki tshieba.,ki PRO;INT;INT,Local Proverb Context Match
dinkelengeze,nkelengeza,[Translation Missing],nkelengeza V;PST;REC;3;SG,No Lexicon Match
ufua,fua,[Translation Missing],fua V;PRS,No Lexicon Match
ntshikole,ntshikole,"Biwamona katende kuulu kwa mutshi kimana kakupa mutu, wamanya tshikondo ntshikole.",ntshikole N;SG;BANTU10,Local Proverb Context Match
nkuba,nkuba,Mukaji wabenda nkuba.,nkuba N;SG;BANTU10,Local Proverb Context Match
matandu,matandu,Udiadia wadia tshibi matandu.,matandu N;PL;BANTU6,Local Proverb Context Match
tshikondo,tshikondo,"Biwamona katende kuulu kwa mutshi kimana kakupa mutu, wamanya tshikondo ntshikole.",tshikondo N;SG;BANTU10,Local Proverb Context Match
bakupa,pa,"Tshikuyu tu tshikulule musenga, muena tshilema tumubela pa bantu.",pa V;PRS;PROG;3;PL,Local Proverb Context Match
mbianyi,mbianyi,"Bela ngela, bijimina mbianyi.",mbianyi N;SG;BANTU1,Local Proverb Context Match
ewu,wu,[Translation Missing],ewu DET;POSS;PSS1P;BANTU1,No Lexicon Match
Muena,ena,[Translation Missing],ena V;PRS;HAB;3;SG,No Lexicon Match
bua,bua,Enda biteketa dibaka mbudimi bua meba.,bua V;PRS,Local Proverb Context Match
Sela,sela,Sela babidi ufua lukasa.,Sela,Local Proverb Context Match
muebe,eba,[Translation Missing],eba V;PST;REC;2;PL,No Lexicon Match
Kabua,bua,Enda biteketa dibaka mbudimi bua meba.,bua V;PST;REC;3;SG,Local Proverb Context Match
lukunda,kunda,[Translation Missing],kunda V;PRS;HAB;3;SG,No Lexicon Match
kabenda,benda,[Translation Missing],benda V;PST;REC;3;SG,No Lexicon Match
dia,dia,bone (Inferred via BantuBERTa),dia V;PRS,BantuBERTa Vector Neighborhood
Kankenene,nene,die (Inferred via BantuBERTa),nene V;PST;PROG;3;SG;BANTU1,BantuBERTa Vector Neighborhood
tshiseba,tshiseba,one (Inferred via BantuBERTa),tshiseba V;PRS,BantuBERTa Vector Neighborhood
kufua,fua,[Translation Missing],fua V;NFIN,No Lexicon Match
bamumanya,manya,[Translation Missing],manya V;PRS;HAB;3;PL,No Lexicon Match
katukajimina,tukajimina,[Translation Missing],tukajimina V;PST;REC;3;SG,No Lexicon Match
sama,sama,"Kandindi sama mapa, wakasua kuenda mulu muebe nguewe.",sama V;PRS,Local Proverb Context Match
tutende,tenda,[Translation Missing],tenda V;PST;REC;1;PL,No Lexicon Match
bilengele,lengela,[Translation Missing],lengela V;PST;REC;3;PL,No Lexicon Match
Kalume,luma,[Translation Missing],Kaluma V;PST;REC;3;SG,No Lexicon Match
To,wo,one (Inferred via BantuBERTa),umunoun class PRO;INT;PROX,BantuBERTa Vector Neighborhood
wapangana,pangana,[Translation Missing],pangana V;PST;REC;2;SG,No Lexicon Match
washadila,shadila,[Translation Missing],shadila V;PST;REC;2;SG,No Lexicon Match
kateketshi,teketshi,one (Inferred via BantuBERTa),teketshi V;PST;REC;3;SG,BantuBERTa Vector Neighborhood
tente,tenta,two (Inferred via BantuBERTa),tenta V;PST;REC;1;PL,BantuBERTa Vector Neighborhood
udia,dia,"Kakulumpe kabanyabanya, kupa muana dinu dia mpuku ne, Muana wetu, umbule nshima.",dia V;PRS,Local Proverb Context Match
tshilema,tshilema,ear (Inferred via BantuBERTa),tshilema V;PRS,BantuBERTa Vector Neighborhood
nansha,nsha,one (Inferred via BantuBERTa),nansha N;SG;BANTU9,BantuBERTa Vector Neighborhood
bidi,bidi,two,bidi N;SG;BANTU2,PanLex Exact Match
Nvula,vula,[Translation Missing],uNvula,No Lexicon Match
Tshidimanyine,tshidimanya,[Translation Missing],Tshidimanyine V;PST;REC;1;PL,No Lexicon Match
nku,nku,Kubunda maalu nku kola.,nku DET;POSS;PSS1P;BANTU9,Local Proverb Context Match
Kakulumpe,kulumpa,bone (Inferred via BantuBERTa),lumpa V;PST;PROG;3;SG;BANTU15,BantuBERTa Vector Neighborhood
munkelende,lenda,[Translation Missing],munkelende N;SG;BANTU1,No Lexicon Match
mawu,wawu,woman (Inferred via BantuBERTa),mawu N;PL;BANTU6,BantuBERTa Vector Neighborhood
alekele,lekela,woman (Inferred via BantuBERTa),lekela V;PST;REC;3;SG,BantuBERTa Vector Neighborhood
kukuma,kuma,[Translation Missing],kuma V;NFIN,No Lexicon Match
mulenga,lenga,woman (Inferred via BantuBERTa),lenga V;PRS,BantuBERTa Vector Neighborhood
tshieba,tshieba,Tshiyaya munda ki tshieba.,tshieba V;PRS,Local Proverb Context Match
wamanya,manya,[Translation Missing],manya V;PST;REC;2;SG,No Lexicon Match
bundu,bundu,Kajiji ka bundu kakaya ne tshitalu mutshina.,bundu N;SG;BANTU14,Local Proverb Context Match
kutshi,kutshi,"Muena tshanza tshia mutshima ,bimpa kutshi kosa.",tshi ADJ;BANTU15,Local Proverb Context Match
ku,ku,die,ku DET;POSS;PSS1P;BANTU15,PanLex Exact Match
kafuisha,fua,one (Inferred via BantuBERTa),fuisha V;PST;REC;3;SG,BantuBERTa Vector Neighborhood
tshialua,tshialua,bone (Inferred via BantuBERTa),tshialua V;PST,BantuBERTa Vector Neighborhood
tshiabikila,tshiabikila,"Tshidia tshiukuta, tshiabikila Mulopwe ne, Yi manseba.",tshiabikila V;PST,Local Proverb Context Match
nshima,nshima,bone (Inferred via BantuBERTa),nshima N;SG;BANTU9,BantuBERTa Vector Neighborhood
mpuku,mpuku,"Kuibidija mpuku chomba, ni akudila matala.",mpuku N;SG;BANTU1,Local Proverb Context Match
mbamumonyi,monya,[Translation Missing],mbamumonyi N;PL;BANTU1,No Lexicon Match
monji,monji,Mbuji utu udia pabula bua monji wenda.,monji N;SG;BANTU1,Local Proverb Context Match
nyunyi,nyunyi,Katende kupopoka nsala nke buana bua nyunyi.,nyunyi N;SG;BANTU9,Local Proverb Context Match
tshishiku,tshishiku,Muana tshishiku muana nzala.,tshishiku V;PRS,Local Proverb Context Match
tshanzambi,anza,hand,tshanzambi V;PRS,Substring Overlap
kinyalelu,nyalelu,[Translation Missing],kinyalelu N;SG;BANTU15,No Lexicon Match
muavuala,vuala,Kunangidi mu muavuala vuala kabuta waya kavuala tshieba tshidimu.,vuala V;PST;REC;2;PL,Local Proverb Context Match
waba,waba,"Ndombo nkese waba nkaka, muena mupongu wa tshoto ulowa bulowavi.",waba DET;POSS;PSS1P;BANTU1,Local Proverb Context Match
tutendangana,tendangana,[Translation Missing],tendangana V;PRS,No Lexicon Match
