Surface Word,Gikuyu Lemma,English translation,Glossing,Match Type
Agikuyu,kuyu,[Translation Missing],agikuyu,No Lexicon Match
moi,moi,[Translation Missing],moi,No Lexicon Match
kuhitha,hitha,[Translation Missing],hitha,No Lexicon Match
ndia,ndia,[Translation Missing],ndia,No Lexicon Match
matiui,tiui,[Translation Missing],ma-tiui,No Lexicon Match
uhoro,uhoro,[Translation Missing],u-horo,No Lexicon Match
Ageni,aga,[Translation Missing],ageni,No Lexicon Match
eri,eri,[Translation Missing],eri,No Lexicon Match
matiri,matiri,[Translation Missing],matiri,No Lexicon Match
utugire,tuga,[Translation Missing],utugire,No Lexicon Match
na,na,[Translation Missing],na,No Lexicon Match
karirui,karirui,[Translation Missing],karirui,No Lexicon Match
kao,wao,[Translation Missing],kao,No Lexicon Match
Aikaragia,ragia,[Translation Missing],ragia,No Lexicon Match
mbia,mbia,[Translation Missing],mbia,No Lexicon Match
ta,ta,[Translation Missing],ta,No Lexicon Match
njuu,njuu,[Translation Missing],njuu,No Lexicon Match
ngigi,ngigi,[Translation Missing],ngigi,No Lexicon Match
Aka,waka,[Translation Missing],aka,No Lexicon Match
ni,ni,[Translation Missing],ni,No Lexicon Match
nyungu,nyungu,[Translation Missing],nyungu,No Lexicon Match
igiri,igiri,[Translation Missing],igiri,No Lexicon Match
cia,cia,[Translation Missing],cia,No Lexicon Match
utugi,utugi,[Translation Missing],utugi,No Lexicon Match
ndiiro,ndiiro,[Translation Missing],ndiiro,No Lexicon Match
no,no,[Translation Missing],no,No Lexicon Match
nyiniko,nyiniko,[Translation Missing],nyiniko,No Lexicon Match
ngombe,ngombe,[Translation Missing],ngombe,No Lexicon Match
itiri,itiri,[Translation Missing],itiri,No Lexicon Match
ndugu,ndugu,[Translation Missing],ndugu,No Lexicon Match
Andu,wandu,[Translation Missing],andu,No Lexicon Match
maiganaine,iganaine,[Translation Missing],maiganaine,No Lexicon Match
magithii,githii,[Translation Missing],magithii,No Lexicon Match
magiceera,giceera,[Translation Missing],magiceera,No Lexicon Match
matari,matari,[Translation Missing],matari,No Lexicon Match
ndundu,ndundu,[Translation Missing],ndundu,No Lexicon Match
mahuragwo,huragwo,[Translation Missing],mahuragwo,No Lexicon Match
njuguma,njuguma,[Translation Missing],njuguma,No Lexicon Match
imwe,imwe,[Translation Missing],imwe,No Lexicon Match
ngamini,ngamini,[Translation Missing],ngamini,No Lexicon Match
ngu,ngu,[Translation Missing],ngu,No Lexicon Match
ithendu,ithendu,[Translation Missing],ithendu,No Lexicon Match
me,me,[Translation Missing],me,No Lexicon Match
muoyo,muoyo,[Translation Missing],muoyo,No Lexicon Match
matiagaga,tiagaga,[Translation Missing],ma-tiagaga,No Lexicon Match
wira,wira,[Translation Missing],wira,No Lexicon Match
Angimituiria,tuiria,[Translation Missing],angimituiria,No Lexicon Match
umirite,mirita,[Translation Missing],umirite,No Lexicon Match
ndangimiona,ona,[Translation Missing],ndangimi-ona,No Lexicon Match
rikii,rikia,[Translation Missing],rikii,No Lexicon Match
Arume,ruma,[Translation Missing],arume,No Lexicon Match
mari,mari,[Translation Missing],mari,No Lexicon Match
rwamba,rwamba,[Translation Missing],rwamba,No Lexicon Match
Bata,BANTU2,[Translation Missing],bata,No Lexicon Match
ndubatabataga,bataga,[Translation Missing],ndubatabataga,No Lexicon Match
Cia,Cia,[Translation Missing],Cia,No Lexicon Match
athuri,thuri,[Translation Missing],athuri,No Lexicon Match
inyuagira,nyuagira,[Translation Missing],inyuagira,No Lexicon Match
thutha,thutha,[Translation Missing],thutha,No Lexicon Match
Ciakorire,kora,[Translation Missing],Ciakora,No Lexicon Match
wacu,wacu,[Translation Missing],wacu,No Lexicon Match
mugunda,gunda,[Translation Missing],mu-gunda,No Lexicon Match
kionje,onja,[Translation Missing],ki-onje,No Lexicon Match
itigayagwo,itigayagwo,[Translation Missing],itigayagwo,No Lexicon Match
gitanakua,gitanakua,[Translation Missing],gitanakua,No Lexicon Match
mucii,mucii,[Translation Missing],mucii,No Lexicon Match
iri,iri,[Translation Missing],iri,No Lexicon Match
gacuguma,gacuguma,[Translation Missing],gacuguma,No Lexicon Match
gacio,gacio,[Translation Missing],gacio,No Lexicon Match
gatathukagio,gatathukagio,[Translation Missing],gatathukagio,No Lexicon Match
muthuri,muthuri,[Translation Missing],muthuri,No Lexicon Match
ungi,ungi,[Translation Missing],ungi,No Lexicon Match
tiga,tiga,[Translation Missing],tiga,No Lexicon Match
mwenegwo,enegwo,[Translation Missing],mwenegwo,No Lexicon Match
itiumaga,tiumaga,[Translation Missing],itiumaga,No Lexicon Match
ndira,ndira,[Translation Missing],ndira,No Lexicon Match
ti,ti,[Translation Missing],ti,No Lexicon Match
como,como,[Translation Missing],como,No Lexicon Match
Ciana,wana,[Translation Missing],Ciana,No Lexicon Match
ndigwa,gwa,[Translation Missing],ndi-gwa,No Lexicon Match
maithori,maithori,[Translation Missing],maithori,No Lexicon Match
Ciathanaga,thanaga,[Translation Missing],thanaga,No Lexicon Match
ikigua,gua,[Translation Missing],iki-gua,No Lexicon Match
itiathanaga,thanaga,[Translation Missing],itiathanaga,No Lexicon Match
ikiumbuka,umbuka,[Translation Missing],iki-umbuka,No Lexicon Match
thuguri,thuguri,[Translation Missing],thuguri,No Lexicon Match
itiyuraga,yuraga,[Translation Missing],itiyuraga,No Lexicon Match
ikumbi,ikumbi,[Translation Missing],ikumbi,No Lexicon Match
Ciatura,tura,[Translation Missing],Ciatura,No Lexicon Match
nguyu,nguyu,[Translation Missing],nguyu,No Lexicon Match
iriaga,aga,[Translation Missing],iriaga,No Lexicon Match
ngumo,ngumo,[Translation Missing],ngumo,No Lexicon Match
uthoni,uthoni,[Translation Missing],uthoni,No Lexicon Match
ciambaga,ambaga,[Translation Missing],ci-ambaga,No Lexicon Match
nguhi,nguhi,[Translation Missing],nguhi,No Lexicon Match
Ciigwatagirira,gwatagirira,[Translation Missing],Ciigwatagirira,No Lexicon Match
mareru,mareru,[Translation Missing],mareru,No Lexicon Match
Cionje,onja,[Translation Missing],Cionje,No Lexicon Match
ikumi,ikumi,[Translation Missing],ikumi,No Lexicon Match
irugitwo,irugitwo,[Translation Missing],irugitwo,No Lexicon Match
umwe,umwe,[Translation Missing],umwe,No Lexicon Match
uri,uri,[Translation Missing],uri,No Lexicon Match
hinya,hinya,[Translation Missing],hinya,No Lexicon Match
Cira,Cira,[Translation Missing],Cira,No Lexicon Match
munene,nene,[Translation Missing],munene,No Lexicon Match
ukia,ukia,[Translation Missing],u-kia,No Lexicon Match
wa,wa,[Translation Missing],wa,No Lexicon Match
igikua,igikua,[Translation Missing],igikua,No Lexicon Match
kirimu,kirimu,[Translation Missing],kirimu,No Lexicon Match
utindaga,tindaga,[Translation Missing],u-tindaga,No Lexicon Match
kiharo,kiharo,[Translation Missing],ki-haro,No Lexicon Match
ndumagirio,ndumagirio,[Translation Missing],ndumagirio,No Lexicon Match
wothe,otha,[Translation Missing],wothe,No Lexicon Match
wambagiririo,ambagiririo,[Translation Missing],wambagiririo,No Lexicon Match
nda,nda,[Translation Missing],nda,No Lexicon Match
Ciunagwo,Ciunagwo,[Translation Missing],Ciunagwo,No Lexicon Match
rukomo,rukomo,[Translation Missing],rukomo,No Lexicon Match
kimenyi,menya,[Translation Missing],ki-menyi,No Lexicon Match
akamenya,menya,[Translation Missing],menya,No Lexicon Match
ikiunwo,unwo,[Translation Missing],ikiunwo,No Lexicon Match
Ehera,Ehera,[Translation Missing],Ehera,No Lexicon Match
thakirio,thakirio,[Translation Missing],thakirio,No Lexicon Match
Gakiibatha,ibatha,[Translation Missing],ibatha,No Lexicon Match
koi,koi,[Translation Missing],koi,No Lexicon Match
karithoitha,thoitha,[Translation Missing],kari-thoitha,No Lexicon Match
Gakiihotora,Gakiihotora,[Translation Missing],gakiihotora,No Lexicon Match
niko,niko,[Translation Missing],niko,No Lexicon Match
uria,uria,[Translation Missing],uria,No Lexicon Match
kariina,riina,[Translation Missing],kariina,No Lexicon Match
Gakunywo,Gakunywo,[Translation Missing],gakunywo,No Lexicon Match
kagira,gira,[Translation Missing],kagira,No Lexicon Match
thooko,thooko,[Translation Missing],thooko,No Lexicon Match
Garurira,garurira,[Translation Missing],garurira,No Lexicon Match
mbeu,mbeu,[Translation Missing],mbeu,No Lexicon Match
ya,ya,[Translation Missing],ya,No Lexicon Match
kinya,kinya,[Translation Missing],ki-nya,No Lexicon Match
kimwe,kimwe,[Translation Missing],kimwe,No Lexicon Match
Gatami,gatami,[Translation Missing],gatami,No Lexicon Match
kari,kari,[Translation Missing],kari,No Lexicon Match
mondo,mondo,[Translation Missing],mondo,No Lexicon Match
yene,yene,[Translation Missing],yene,No Lexicon Match
gatingikurutira,rutira,[Translation Missing],gatingikurutira,No Lexicon Match
Gathutha,gathutha,[Translation Missing],gathutha,No Lexicon Match
konagia,konagia,[Translation Missing],konagia,No Lexicon Match
mundu,mundu,[Translation Missing],mundu,No Lexicon Match
njira,njira,[Translation Missing],njira,No Lexicon Match
Gatitu,Gatitu,[Translation Missing],gatitu,No Lexicon Match
ka,ka,[Translation Missing],ka,No Lexicon Match
muimwo,muimwo,[Translation Missing],muimwo,No Lexicon Match
noko,noko,[Translation Missing],noko,No Lexicon Match
miti,miti,[Translation Missing],miti,No Lexicon Match
ngoro,ngoro,[Translation Missing],ngoro,No Lexicon Match
gatiunagwo,gatiunagwo,[Translation Missing],gatiunagwo,No Lexicon Match
Gatinyinyiraga,Gatinyinyiraga,[Translation Missing],gatinyinyiraga,No Lexicon Match
gatari,gatari,[Translation Missing],gatari,No Lexicon Match
gakunye,kuna,[Translation Missing],gakuna,No Lexicon Match
Gatuma,gatuma,[Translation Missing],gatuma,No Lexicon Match
kainagia,inagia,[Translation Missing],inagia,No Lexicon Match
murigwa,murigwa,[Translation Missing],murigwa,No Lexicon Match
Gatundu,Gatundu,[Translation Missing],gatundu,No Lexicon Match
koragithirie,ragithiria,[Translation Missing],koragithiria,No Lexicon Match
Watatua,tatua,[Translation Missing],tatua,No Lexicon Match
Giathi,Giathi,[Translation Missing],giathi,No Lexicon Match
githaragio,githaragio,[Translation Missing],gi-tharagio,No Lexicon Match
gaka,waka,[Translation Missing],gaka,No Lexicon Match
kamwe,kamwe,[Translation Missing],kamwe,No Lexicon Match
kiri,kiri,[Translation Missing],kiri,No Lexicon Match
murugirwo,murugirwo,[Translation Missing],murugirwo,No Lexicon Match
kiriagwo,kiriagwo,[Translation Missing],kiriagwo,No Lexicon Match
kingi,kingi,[Translation Missing],kingi,No Lexicon Match
kiumu,kiumu,[Translation Missing],kiumu,No Lexicon Match
kia,kia,[Translation Missing],kia,No Lexicon Match
murokero,murokero,[Translation Missing],murokero,No Lexicon Match
Gieterero,Gieterero,[Translation Missing],gieterero,No Lexicon Match
kiinaino,inaino,[Translation Missing],kiinaino,No Lexicon Match
Gicegu,Gicegu,[Translation Missing],gicegu,No Lexicon Match
andu,wandu,[Translation Missing],andu,No Lexicon Match
aingi,ingi,[Translation Missing],ingi,No Lexicon Match
kiega,ega,[Translation Missing],ega,No Lexicon Match
Gicigo,Gicigo,[Translation Missing],gicigo,No Lexicon Match
gitinyihaga,gitinyihaga,[Translation Missing],gi-tinyihaga,No Lexicon Match
Giikaro,Giikaro,[Translation Missing],giikaro,No Lexicon Match
ngee,ngee,[Translation Missing],ngee,No Lexicon Match
kana,kana,[Translation Missing],kana,No Lexicon Match
ndaa,ndaa,[Translation Missing],ndaa,No Lexicon Match
Gikuru,Gikuru,[Translation Missing],gikuru,No Lexicon Match
kiratina,ratina,[Translation Missing],ki-ratina,No Lexicon Match
Gikuu,Gikuu,[Translation Missing],gikuu,No Lexicon Match
gitiraragirio,gitiraragirio,[Translation Missing],gitiraragirio,No Lexicon Match
Githaka,Githaka,[Translation Missing],githaka,No Lexicon Match
gitigunaga,gitigunaga,[Translation Missing],gitigunaga,No Lexicon Match
mumi,mumi,[Translation Missing],mumi,No Lexicon Match
kigunaga,gunaga,[Translation Missing],ki-gunaga,No Lexicon Match
muki,muki,[Translation Missing],muki,No Lexicon Match
muici,muici,[Translation Missing],muici,No Lexicon Match
gukaana,gukaana,[Translation Missing],gukaana,No Lexicon Match
Githumba,Githumba,[Translation Missing],githumba,No Lexicon Match
gitiri,gitiri,[Translation Missing],gitiri,No Lexicon Match
murimu,murimu,[Translation Missing],murimu,No Lexicon Match
Githuri,Githuri,[Translation Missing],githuri,No Lexicon Match
mwatu,mwatu,[Translation Missing],mwatu,No Lexicon Match
ngotoko,ngotoko,[Translation Missing],ngotoko,No Lexicon Match
Gitiganiriro,Gitiganiriro,[Translation Missing],gitiganiriro,No Lexicon Match
kirugitwo,kirugitwo,[Translation Missing],ki-rugitwo,No Lexicon Match
kirugamanio,rugamanio,[Translation Missing],ki-rugamanio,No Lexicon Match
Gitiiro,Gitiiro,[Translation Missing],gitiiro,No Lexicon Match
muka,muka,[Translation Missing],muka,No Lexicon Match
wene,wene,[Translation Missing],wene,No Lexicon Match
gitikagio,gitikagio,[Translation Missing],gitikagio,No Lexicon Match
athii,thii,[Translation Missing],athii,No Lexicon Match
Gitindo,Gitindo,[Translation Missing],gitindo,No Lexicon Match
kiuru,kiuru,[Translation Missing],kiuru,No Lexicon Match
Gitoi,toi,[Translation Missing],gitoi,No Lexicon Match
kimenyaga,menyaga,[Translation Missing],ki-menyaga,No Lexicon Match
kierwo,erwo,[Translation Missing],ki-erwo,No Lexicon Match
kiraragia,ragia,[Translation Missing],ki-raragia,No Lexicon Match
kiui,kiui,[Translation Missing],kiui,No Lexicon Match
Gitonga,Gitonga,[Translation Missing],gi-tonga,No Lexicon Match
kigiragio,giragio,[Translation Missing],ki-giragio,No Lexicon Match
iganjo,iganjo,[Translation Missing],iganjo,No Lexicon Match
gikarima,rima,[Translation Missing],gika-rima,No Lexicon Match
kiriaga,aga,[Translation Missing],kiriaga,No Lexicon Match
munyuko,munyuko,[Translation Missing],munyuko,No Lexicon Match
Guceera,Guceera,[Translation Missing],guceera,No Lexicon Match
kuhiga,higa,[Translation Missing],higa,No Lexicon Match
Gucekeha,gucekeha,[Translation Missing],gucekeha,No Lexicon Match
guicuhio,guicuhio,[Translation Missing],guicuhio,No Lexicon Match
Guciara,guciara,[Translation Missing],guciara,No Lexicon Match
kunaga,naga,[Translation Missing],kunaga,No Lexicon Match
irigu,irigu,[Translation Missing],irigu,No Lexicon Match
ngingo,ngingo,[Translation Missing],ngingo,No Lexicon Match
uru,uru,[Translation Missing],uru,No Lexicon Match
kwenda,enda,[Translation Missing],enda,No Lexicon Match
kwa,kwa,[Translation Missing],kwa,No Lexicon Match
mwene,mwene,[Translation Missing],mwene,No Lexicon Match
Gucukagwo,gucukagwo,[Translation Missing],gucukagwo,No Lexicon Match
utaguteo,guteo,[Translation Missing],utaguteo,No Lexicon Match
Gukiara,Gukiara,[Translation Missing],gukiara,No Lexicon Match
gutonga,tonga,[Translation Missing],gu-tonga,No Lexicon Match
ititiganaga,titiganaga,[Translation Missing],ititiganaga,No Lexicon Match
Gukira,Gukira,[Translation Missing],gukira,No Lexicon Match
kuri,kuri,[Translation Missing],kuri,No Lexicon Match
ngatho,ngatho,[Translation Missing],ngatho,No Lexicon Match
guthurana,guthurana,[Translation Missing],gu-thurana,No Lexicon Match
Gukiririria,Gukiririria,[Translation Missing],gukiririria,No Lexicon Match
kwagira,agira,[Translation Missing],kwagira,No Lexicon Match
kieha,eha,[Translation Missing],ki-eha,No Lexicon Match
Gukura,Gukura,[Translation Missing],gukura,No Lexicon Match
kuuru,kuuru,[Translation Missing],kuuru,No Lexicon Match
ngathii,thii,[Translation Missing],ngathii,No Lexicon Match
uriri,uriri,[Translation Missing],uriri,No Lexicon Match
ngicayaga,cayaga,[Translation Missing],ngi-cayaga,No Lexicon Match
Gukuhiriria,hiriria,[Translation Missing],gukuhiriria,No Lexicon Match
mbaara,mbaara,[Translation Missing],mbaara,No Lexicon Match
tikuo,tikuo,[Translation Missing],tikuo,No Lexicon Match
kurua,rua,[Translation Missing],rua,No Lexicon Match
Gukungagwo,Gukungagwo,[Translation Missing],gukungagwo,No Lexicon Match
utuku,utuku,[Translation Missing],utuku,No Lexicon Match
muthenya,thenya,[Translation Missing],mu-thenya,No Lexicon Match
Guota,ota,[Translation Missing],guota,No Lexicon Match
mwaki,waki,[Translation Missing],mwaki,No Lexicon Match
gucera,gucera,[Translation Missing],gucera,No Lexicon Match
Guoya,oya,[Translation Missing],guoya,No Lexicon Match
utuuragia,tuuragia,[Translation Missing],u-tuuragia,No Lexicon Match
Guteithagio,Guteithagio,[Translation Missing],guteithagio,No Lexicon Match
witeithitie,thita,[Translation Missing],witeithitie,No Lexicon Match
Gutema,Gutema,[Translation Missing],gutema,No Lexicon Match
kanua,kanua,[Translation Missing],kanua,No Lexicon Match
gutema,tema,[Translation Missing],gu-tema,No Lexicon Match
rihiu,rihiu,[Translation Missing],rihiu,No Lexicon Match
Guthama,Guthama,[Translation Missing],guthama,No Lexicon Match
nikuo,nikuo,[Translation Missing],nikuo,No Lexicon Match
kuhika,hika,[Translation Missing],hika,No Lexicon Match
arume,ruma,[Translation Missing],arume,No Lexicon Match
Guthekererwo,Guthekererwo,[Translation Missing],guthekererwo,No Lexicon Match
kuririrwo,ririrwo,[Translation Missing],kuririrwo,No Lexicon Match
hiti,hiti,[Translation Missing],hiti,No Lexicon Match
Guthekio,Guthekio,[Translation Missing],guthekio,No Lexicon Match
kwendwo,enda,[Translation Missing],enda,No Lexicon Match
Guthigagio,Guthigagio,[Translation Missing],guthigagio,No Lexicon Match
mbura,mbura,[Translation Missing],mbura,No Lexicon Match
gutongitwo,gutongitwo,[Translation Missing],gutongitwo,No Lexicon Match
matuguta,tuguta,[Translation Missing],ma-tuguta,No Lexicon Match
Guthii,guthii,[Translation Missing],guthii,No Lexicon Match
gutigiragia,tigiragia,[Translation Missing],gu-tigiragia,No Lexicon Match
acoke,coka,[Translation Missing],coka,No Lexicon Match
kuonagia,onagia,[Translation Missing],onagia,No Lexicon Match
ki,ki,[Translation Missing],ki,No Lexicon Match
kuona,ona,[Translation Missing],ona,No Lexicon Match
Guthimba,thimba,[Translation Missing],guthimba,No Lexicon Match
kuura,ura,[Translation Missing],ura,No Lexicon Match
guthinga,thinga,[Translation Missing],gu-thinga,No Lexicon Match
kurugite,ruga,[Translation Missing],ruga,No Lexicon Match
Guthinga,thinga,[Translation Missing],guthinga,No Lexicon Match
kikuo,kikuo,[Translation Missing],kikuo,No Lexicon Match
kihoto,kihoto,[Translation Missing],ki-hoto,No Lexicon Match
Guthura,guthura,[Translation Missing],guthura,No Lexicon Match
guthura,guthura,[Translation Missing],gu-thura,No Lexicon Match
kamukwa,mukwa,[Translation Missing],kamukwa,No Lexicon Match
kayo,kayo,[Translation Missing],kayo,No Lexicon Match
Guthukagirio,Guthukagirio,[Translation Missing],guthukagirio,No Lexicon Match
wanatega,tega,[Translation Missing],tega,No Lexicon Match
itega,tega,[Translation Missing],itega,No Lexicon Match
Guthuragwo,Guthuragwo,[Translation Missing],guthuragwo,No Lexicon Match
uriendwo,uriendwo,[Translation Missing],uri-endwo,No Lexicon Match
Gutiri,gutiri,[Translation Missing],gutiri,No Lexicon Match
gitatuirie,tatuira,[Translation Missing],gi-tatuiria,No Lexicon Match
githinji,githinji,[Translation Missing],gi-thinji,No Lexicon Match
utathinja,thinja,[Translation Missing],uta-thinja,No Lexicon Match
gukura,gukura,[Translation Missing],gukura,No Lexicon Match
kurara,rara,[Translation Missing],ku-rara,No Lexicon Match
keri,keri,[Translation Missing],keri,No Lexicon Match
ita,ita,[Translation Missing],ita,No Lexicon Match
ithiagwwo,thiagwwo,[Translation Missing],ithiagwwo,No Lexicon Match
gitete,teta,[Translation Missing],gi-tete,No Lexicon Match
njohi,njohi,[Translation Missing],njohi,No Lexicon Match
gia,gia,[Translation Missing],gia,No Lexicon Match
ucuru,ucuru,[Translation Missing],ucuru,No Lexicon Match
itari,itari,[Translation Missing],itari,No Lexicon Match
gitonga,tonga,[Translation Missing],gi-tonga,No Lexicon Match
kiayo,wayo,[Translation Missing],kiayo,No Lexicon Match
kahii,kahii,[Translation Missing],kahii,No Lexicon Match
utukarugwo,utukarugwo,[Translation Missing],utukarugwo,No Lexicon Match
mutwe,mutwe,[Translation Missing],mutwe,No Lexicon Match
mucuthiriria,cuthiriria,[Translation Missing],mu-cuthiriria,No Lexicon Match
urehage,rehaga,[Translation Missing],urehage,No Lexicon Match
urugari,urugari,[Translation Missing],urugari,No Lexicon Match
ui,ui,[Translation Missing],ui,No Lexicon Match
haria,haria,[Translation Missing],haria,No Lexicon Match
eguthii,guthii,[Translation Missing],eguthii,No Lexicon Match
ekuuma,uma,[Translation Missing],uma,No Lexicon Match
wendaga,endaga,[Translation Missing],endaga,No Lexicon Match
gutungana,gutungana,[Translation Missing],gutungana,No Lexicon Match
nyoni,nyoni,[Translation Missing],nyoni,No Lexicon Match
njuru,njuru,[Translation Missing],njuru,No Lexicon Match
utangutuika,tangutuika,[Translation Missing],u-tangutuika,No Lexicon Match
wonaga,ona,[Translation Missing],wonaga,No Lexicon Match
wega,ega,[Translation Missing],wega,No Lexicon Match
wake,wake,[Translation Missing],wake,No Lexicon Match
kuonwo,ona,[Translation Missing],kuona,No Lexicon Match
wonagwo,onagwo,[Translation Missing],wonagwo,No Lexicon Match
murio,murio,[Translation Missing],murio,No Lexicon Match
utainagia,inagia,[Translation Missing],utainagia,No Lexicon Match
ruthia,ruthia,[Translation Missing],ruthia,No Lexicon Match
ukiaga,aga,[Translation Missing],u-ki-aga,No Lexicon Match
mutumia,tumia,[Translation Missing],mu-tumia,No Lexicon Match
wenjagirwo,injagirwo,[Translation Missing],wenjagirwo,No Lexicon Match
mbui,mbui,[Translation Missing],mbui,No Lexicon Match
nyina,nyina,[Translation Missing],nyina,No Lexicon Match
mwana,mwana,[Translation Missing],mwana,No Lexicon Match
ungitema,tema,[Translation Missing],ungi-tema,No Lexicon Match
agitemera,gitemera,[Translation Missing],a-gitemera,No Lexicon Match
ithe,tha,[Translation Missing],ithe,No Lexicon Match
ngware,ngware,[Translation Missing],ngware,No Lexicon Match
muhuririe,hurira,[Translation Missing],mu-huriria,No Lexicon Match
wayo,wayo,[Translation Missing],wayo,No Lexicon Match
nyinyi,nyinyi,[Translation Missing],nyinyi,No Lexicon Match
mahuririoini,mahuririoini,[Translation Missing],mahuririoini,No Lexicon Match
njamba,njamba,[Translation Missing],njamba,No Lexicon Match
irumaga,rumaga,[Translation Missing],irumaga,No Lexicon Match
imera,imera,[Translation Missing],imera,No Lexicon Match
nyama,nyama,[Translation Missing],nyama,No Lexicon Match
ngirinyu,ngirinyu,[Translation Missing],ngirinyu,No Lexicon Match
njega,ega,[Translation Missing],njega,No Lexicon Match
mwereini,mwerea,[Translation Missing],mwereini,No Lexicon Match
uciaragwo,uciaragwo,[Translation Missing],u-ciaragwo,No Lexicon Match
ari,wari,[Translation Missing],ari,No Lexicon Match
mugi,mugi,[Translation Missing],mugi,No Lexicon Match
ucokaga,cokaga,[Translation Missing],u-cokaga,No Lexicon Match
arumiirwo,rumiirwo,[Translation Missing],a-rumiirwo,No Lexicon Match
kaara,kaara,[Translation Missing],kaara,No Lexicon Match
uikagia,gia,[Translation Missing],u-ika-gia,No Lexicon Match
itimu,itimu,[Translation Missing],itimu,No Lexicon Match
atari,tari,[Translation Missing],atari,No Lexicon Match
akuratha,ratha,[Translation Missing],ratha,No Lexicon Match
ukinyaga,nyaga,[Translation Missing],u-ki-nyaga,No Lexicon Match
mukinyire,kinya,[Translation Missing],mu-kinya,No Lexicon Match
undu,undu,[Translation Missing],undu,No Lexicon Match
utari,utari,[Translation Missing],utari,No Lexicon Match
kihumo,kihumo,[Translation Missing],ki-humo,No Lexicon Match
uriragio,uriragio,[Translation Missing],uriragio,No Lexicon Match
utonga,tonga,[Translation Missing],u-tonga,No Lexicon Match
uriru,uriru,[Translation Missing],uriru,No Lexicon Match
utonwo,utonwo,[Translation Missing],u-tonwo,No Lexicon Match
utuuraga,tuuraga,[Translation Missing],u-tuuraga,No Lexicon Match
uta,uta,[Translation Missing],uta,No Lexicon Match
ritwa,ritwa,[Translation Missing],ritwa,No Lexicon Match
ritakuria,ria,[Translation Missing],ritakuria,No Lexicon Match
thingira,thingira,[Translation Missing],thingira,No Lexicon Match
uciraga,ciraga,[Translation Missing],u-ciraga,No Lexicon Match
uthuire,thua,[Translation Missing],thua,No Lexicon Match
akiaga,aga,[Translation Missing],aki-aga,No Lexicon Match
mugongo,mugongo,[Translation Missing],mugongo,No Lexicon Match
wiriraga,wiriraga,[Translation Missing],wiriraga,No Lexicon Match
agikuua,ua,[Translation Missing],agikuua,No Lexicon Match
eriraga,raga,[Translation Missing],eriraga,No Lexicon Match
akiiga,iga,[Translation Missing],iga,No Lexicon Match
thi,thi,[Translation Missing],thi,No Lexicon Match
agithii,githii,[Translation Missing],agithii,No Lexicon Match
agicoka,gicoka,[Translation Missing],a-gi-coka,No Lexicon Match
witaga,taga,[Translation Missing],witaga,No Lexicon Match
baba,baba,[Translation Missing],baba,No Lexicon Match
gutirika,gutirika,[Translation Missing],gutirika,No Lexicon Match
guteaga,teaga,[Translation Missing],gu-teaga,No Lexicon Match
noru,noru,[Translation Missing],noru,No Lexicon Match
Gutirika,gutirika,[Translation Missing],gutirika,No Lexicon Match
gute,guta,[Translation Missing],gute,No Lexicon Match
Gutungata,Gutungata,[Translation Missing],gutungata,No Lexicon Match
gutingigiria,tingigiria,[Translation Missing],gu-tingigiria,No Lexicon Match
agatungatwo,gatungatwo,[Translation Missing],agatungatwo,No Lexicon Match
Gwakia,gwakia,[Translation Missing],gwakia,No Lexicon Match
kwarama,rama,[Translation Missing],kwarama,No Lexicon Match
gwatuka,gwatuka,[Translation Missing],gwatuka,No Lexicon Match
gwakundeera,kundeera,[Translation Missing],gwakundeera,No Lexicon Match
Gwethera,Gwethera,[Translation Missing],gwethera,No Lexicon Match
gitahi,gitahi,[Translation Missing],gitahi,No Lexicon Match
Gwi,gwi,[Translation Missing],gwi,No Lexicon Match
thigari,thigari,[Translation Missing],thigari,No Lexicon Match
mugambo,mugambo,[Translation Missing],mugambo,No Lexicon Match
Gwika,gwika,[Translation Missing],gwika,No Lexicon Match
kumathaga,thaga,[Translation Missing],kuma-thaga,No Lexicon Match
Handu,handu,[Translation Missing],handu,No Lexicon Match
ha,ha,[Translation Missing],ha,No Lexicon Match
mugwi,mugwi,[Translation Missing],mugwi,No Lexicon Match
hatiganaine,tiganaina,[Translation Missing],hatiganaine,No Lexicon Match
Hari,hari,[Translation Missing],hari,No Lexicon Match
hatiitangagwo,itangagwo,[Translation Missing],hatiitangagwo,No Lexicon Match
maai,maai,[Translation Missing],maai,No Lexicon Match
Haro,haro,[Translation Missing],haro,No Lexicon Match
ihii,ihii,[Translation Missing],ihii,No Lexicon Match
thira,thira,[Translation Missing],thira,No Lexicon Match
Hita,hita,[Translation Missing],hita,No Lexicon Match
itanakira,nakira,[Translation Missing],itanakira,No Lexicon Match
Hinga,hinga,[Translation Missing],hinga,No Lexicon Match
ndikinyaga,nyaga,[Translation Missing],nyaga,No Lexicon Match
iraka,iraka,[Translation Missing],iraka,No Lexicon Match
Hinya,hinya,[Translation Missing],hinya,No Lexicon Match
nduigana,igana,[Translation Missing],nduigana,No Lexicon Match
urume,urume,[Translation Missing],urume,No Lexicon Match
nduri,nduri,[Translation Missing],nduri,No Lexicon Match
indo,indo,[Translation Missing],indo,No Lexicon Match
Hiti,hiti,[Translation Missing],hiti,No Lexicon Match
ciathii,thia,[Translation Missing],ciathii,No Lexicon Match
mbwe,mbwe,[Translation Missing],mbwe,No Lexicon Match
ciegangara,egangara,[Translation Missing],ci-egangara,No Lexicon Match
itaga,taga,[Translation Missing],itaga,No Lexicon Match
iria,iria,[Translation Missing],iria,No Lexicon Match
ingi,ingi,[Translation Missing],ingi,No Lexicon Match
mutiri,mutiri,[Translation Missing],mutiri,No Lexicon Match
yugaga,gaga,[Translation Missing],yugaga,No Lexicon Match
ogi,ogi,[Translation Missing],ogi,No Lexicon Match
monaga,monaga,[Translation Missing],monaga,No Lexicon Match
gicinga,cinga,[Translation Missing],gi-cinga,No Lexicon Match
ngwatiro,ngwatiro,[Translation Missing],ngwatiro,No Lexicon Match
ndiriaga,aga,[Translation Missing],ndi-riaga,No Lexicon Match
mui,mui,[Translation Missing],mui,No Lexicon Match
ngoroku,ngoroku,[Translation Missing],ngoroku,No Lexicon Match
Hungu,hungu,[Translation Missing],hungu,No Lexicon Match
ireraga,reraga,[Translation Missing],ireraga,No Lexicon Match
mburi,mburi,[Translation Missing],mburi,No Lexicon Match
irathinjirwo,thinjirwo,[Translation Missing],irathinjirwo,No Lexicon Match
igithii,igithii,[Translation Missing],igithii,No Lexicon Match
iguru,iguru,[Translation Missing],iguru,No Lexicon Match
ndiatigire,tiga,[Translation Missing],tiga,No Lexicon Match
kwega,ega,[Translation Missing],ega,No Lexicon Match
Huni,huni,[Translation Missing],huni,No Lexicon Match
nene,nene,[Translation Missing],nene,No Lexicon Match
igiraga,igiraga,[Translation Missing],igiraga,No Lexicon Match
huhita,hita,[Translation Missing],huhita,No Lexicon Match
Hururu,hururu,[Translation Missing],hururu,No Lexicon Match
ithekaga,thekaga,[Translation Missing],ithekaga,No Lexicon Match
rwaro,waro,[Translation Missing],rwaro,No Lexicon Match
Igiaraga,araga,[Translation Missing],igiaraga,No Lexicon Match
oine,ine,[Translation Missing],ine,No Lexicon Match
Igukua,gukua,[Translation Missing],igukua,No Lexicon Match
ihuragia,huragia,[Translation Missing],ihuragia,No Lexicon Match
kiara,kiara,[Translation Missing],kiara,No Lexicon Match
Igitunywo,igitunywo,[Translation Missing],igitunywo,No Lexicon Match
iikagirio,ikagirio,[Translation Missing],ikagirio,No Lexicon Match
mungu,mungu,[Translation Missing],mungu,No Lexicon Match
Ikuruma,ruma,[Translation Missing],ikuruma,No Lexicon Match
ndioragia,ragia,[Translation Missing],ndi-oragia,No Lexicon Match
muguguta,guguta,[Translation Missing],mu-guguta,No Lexicon Match
Ikururio,ikururio,[Translation Missing],ikururio,No Lexicon Match
Ireragira,reragira,[Translation Missing],ireragira,No Lexicon Match
rukuini,rukuini,[Translation Missing],rukuini,No Lexicon Match
ikaya,ya,[Translation Missing],ikaya,No Lexicon Match
kuigana,igana,[Translation Missing],igana,No Lexicon Match
Iri,iri,[Translation Missing],iri,No Lexicon Match
guciarira,ciarira,[Translation Missing],guciarira,No Lexicon Match
riuaini,riua,[Translation Missing],riuaini,No Lexicon Match
yongithagiria,thagiria,[Translation Missing],yongi-thagiria,No Lexicon Match
o,o,[Translation Missing],o,No Lexicon Match
ho,ho,[Translation Missing],ho,No Lexicon Match
iragwo,iragwo,[Translation Missing],iragwo,No Lexicon Match
iguku,iguku,[Translation Missing],iguku,No Lexicon Match
aka,waka,[Translation Missing],aka,No Lexicon Match
ndiri,ndiri,[Translation Missing],ndiri,No Lexicon Match
mwiroreri,mwiroreri,[Translation Missing],mwiroreri,No Lexicon Match
gutu,gutu,[Translation Missing],gutu,No Lexicon Match
ihugagia,hugagia,[Translation Missing],ihugagia,No Lexicon Match
kuhinja,hinja,[Translation Missing],kuhinja,No Lexicon Match
muniri,muniri,[Translation Missing],muniri,No Lexicon Match
kuhuma,huma,[Translation Missing],kuhuma,No Lexicon Match
muti,muti,[Translation Missing],muti,No Lexicon Match
itangigwatirira,gwatirira,[Translation Missing],itangigwatirira,No Lexicon Match
kura,kura,[Translation Missing],kura,No Lexicon Match
muhiti,muhiti,[Translation Missing],muhiti,No Lexicon Match
kuruga,ruga,[Translation Missing],ruga,No Lexicon Match
iguita,guita,[Translation Missing],iguita,No Lexicon Match
iguitirira,guitirira,[Translation Missing],iguitirira,No Lexicon Match
nguu,nguu,[Translation Missing],nguu,No Lexicon Match
murungu,murungu,[Translation Missing],murungu,No Lexicon Match
igiritagia,giritagia,[Translation Missing],igiritagia,No Lexicon Match
kahia,kahia,[Translation Missing],kahia,No Lexicon Match
muthece,theca,[Translation Missing],mu-thece,No Lexicon Match
tene,tene,[Translation Missing],tene,No Lexicon Match
ndioyagira,yagira,[Translation Missing],yagira,No Lexicon Match
nyite,yita,[Translation Missing],nyite,No Lexicon Match
mutego,mutego,[Translation Missing],mutego,No Lexicon Match
ndithuire,thua,[Translation Missing],ndi-thua,No Lexicon Match
gwiteithura,gwiteithura,[Translation Missing],gwiteithura,No Lexicon Match
tha,tha,[Translation Missing],tha,No Lexicon Match
thoni,thona,[Translation Missing],thoni,No Lexicon Match
inyuaga,nyuaga,[Translation Missing],inyuaga,No Lexicon Match
munju,munju,[Translation Missing],munju,No Lexicon Match
Irugamaga,irugamaga,[Translation Missing],irugamaga,No Lexicon Match
ikurumaga,rumaga,[Translation Missing],ikurumaga,No Lexicon Match
Itakuura,ura,[Translation Missing],ura,No Lexicon Match
igwatagia,gwatagia,[Translation Missing],igwatagia,No Lexicon Match
ruhuho,ruhuho,[Translation Missing],ruhuho,No Lexicon Match
Itari,tari,[Translation Missing],itari,No Lexicon Match
thahu,thahu,[Translation Missing],thahu,No Lexicon Match
igunagwo,igunagwo,[Translation Missing],igunagwo,No Lexicon Match
makoro,makoro,[Translation Missing],makoro,No Lexicon Match
ma,ma,[Translation Missing],ma,No Lexicon Match
Ithinjagirwo,thinjagirwo,[Translation Missing],ithinjagirwo,No Lexicon Match
murwaru,murwaru,[Translation Missing],murwaru,No Lexicon Match
igakora,igakora,[Translation Missing],igakora,No Lexicon Match
warwarire,rwara,[Translation Missing],rwarira,No Lexicon Match
Ithimbaga,thimbaga,[Translation Missing],ithimbaga,No Lexicon Match
nduire,dua,[Translation Missing],ndua,No Lexicon Match
Itunyagwo,itunyagwo,[Translation Missing],itunyagwo,No Lexicon Match
guciara,guciara,[Translation Missing],gu-ciara,No Lexicon Match
Igai,igai,[Translation Missing],igai,No Lexicon Match
ria,ria,[Translation Missing],ria,No Lexicon Match
mutundu,mutundu,[Translation Missing],mutundu,No Lexicon Match
ritigiragia,tigiragia,[Translation Missing],ritigiragia,No Lexicon Match
kiriti,kiriti,[Translation Missing],kiriti,No Lexicon Match
kiumwo,kiumwo,[Translation Missing],kiumwo,No Lexicon Match
Igego,igego,[Translation Missing],igego,No Lexicon Match
rithekagia,thekagia,[Translation Missing],ri-thekagia,No Lexicon Match
Igwa,igwa,[Translation Missing],igwa,No Lexicon Match
njithi,njithi,[Translation Missing],njithi,No Lexicon Match
Ihenya,henya,[Translation Missing],ihenya,No Lexicon Match
inene,nene,[Translation Missing],inene,No Lexicon Match
riunaga,riunaga,[Translation Missing],riunaga,No Lexicon Match
gikwa,gikwa,[Translation Missing],gikwa,No Lexicon Match
ihatha,hatha,[Translation Missing],ihatha,No Lexicon Match
Ihii,hii,[Translation Missing],ihii,No Lexicon Match
igwa,igwa,[Translation Missing],igwa,No Lexicon Match
ikuragira,ragira,[Translation Missing],ikuragira,No Lexicon Match
uthuini,uthua,[Translation Missing],uthuini,No Lexicon Match
Ihiga,higa,[Translation Missing],higa,No Lexicon Match
riega,ega,[Translation Missing],ri-ega,No Lexicon Match
ritiringanaga,ritiringanaga,[Translation Missing],ritiringanaga,No Lexicon Match
thio,thio,[Translation Missing],thio,No Lexicon Match
Ikinya,nya,[Translation Missing],ikinya,No Lexicon Match
thii,thii,[Translation Missing],thii,No Lexicon Match
itiaganaga,aganaga,[Translation Missing],itiaganaga,No Lexicon Match
mukuru,mukuru,[Translation Missing],mukuru,No Lexicon Match
rikinyaga,nyaga,[Translation Missing],rikinyaga,No Lexicon Match
muruna,muruna,[Translation Missing],muruna,No Lexicon Match
Ikuura,ura,[Translation Missing],ura,No Lexicon Match
inya,inya,[Translation Missing],inya,No Lexicon Match
inyanya,inyanya,[Translation Missing],inyanya,No Lexicon Match
Indo,indo,[Translation Missing],indo,No Lexicon Match
ciene,ene,[Translation Missing],ciene,No Lexicon Match
mutino,mutino,[Translation Missing],mutino,No Lexicon Match
kurimithanio,rimithanio,[Translation Missing],kurimithanio,No Lexicon Match
Iriaga,aga,[Translation Missing],iriaga,No Lexicon Match
mbugi,mbugi,[Translation Missing],mbugi,No Lexicon Match
ugwati,ugwati,[Translation Missing],u-gwati,No Lexicon Match
guthua,guthua,[Translation Missing],gu-thua,No Lexicon Match
ndongoria,ndongoria,[Translation Missing],ndongoria,No Lexicon Match
itikinyagira,nyagira,[Translation Missing],itikinyagira,No Lexicon Match
nyeki,nyeki,[Translation Missing],nyeki,No Lexicon Match
gwithamba,thamba,[Translation Missing],gwi-thamba,No Lexicon Match
iticokaga,cokaga,[Translation Missing],iticokaga,No Lexicon Match
gwota,gwota,[Translation Missing],gwota,No Lexicon Match
kuhia,hia,[Translation Missing],hia,No Lexicon Match
itioragirwo,itioragirwo,[Translation Missing],itioragirwo,No Lexicon Match
ukabi,ukabi,[Translation Missing],u-kabi,No Lexicon Match
Gikuyu,Gikuyu,[Translation Missing],gikuyu,No Lexicon Match
Irima,irima,[Translation Missing],irima,No Lexicon Match
rirekagia,gia,[Translation Missing],rirekagia,No Lexicon Match
riemba,emba,[Translation Missing],ri-emba,No Lexicon Match
Irimu,irimu,[Translation Missing],irimu,No Lexicon Match
ikenagira,kenagira,[Translation Missing],ikenagira,No Lexicon Match
muru,muru,[Translation Missing],muru,No Lexicon Match
Irio,irio,[Translation Missing],irio,No Lexicon Match
maitho,itho,[Translation Missing],maitho,No Lexicon Match
ititiraga,titiraga,[Translation Missing],ititiraga,No Lexicon Match
Ita,ita,[Translation Missing],ita,No Lexicon Match
itiriraga,tiriraga,[Translation Missing],itiriraga,No Lexicon Match
ititahaga,titahaga,[Translation Missing],ititahaga,No Lexicon Match
Ithaga,thaga,[Translation Missing],ithaga,No Lexicon Match
riene,ena,[Translation Missing],ri-ene,No Lexicon Match
rinogagia,gagia,[Translation Missing],rino-gagia,No Lexicon Match
Ithare,thara,[Translation Missing],ithare,No Lexicon Match
riaguka,guka,[Translation Missing],ria-guka,No Lexicon Match
gucokaga,cokaga,[Translation Missing],gu-cokaga,No Lexicon Match
mugumo,mugumo,[Translation Missing],mugumo,No Lexicon Match
Ithe,tha,[Translation Missing],ithe,No Lexicon Match
thaka,thaka,[Translation Missing],thaka,No Lexicon Match
ndari,ndari,[Translation Missing],ndari,No Lexicon Match
matu,matu,[Translation Missing],matu,No Lexicon Match
Itheru,theru,[Translation Missing],itheru,No Lexicon Match
ritiringaga,tiringaga,[Translation Missing],ritiringaga,No Lexicon Match
ini,ini,[Translation Missing],ini,No Lexicon Match
ritirutagirwo,ritirutagirwo,[Translation Missing],ritirutagirwo,No Lexicon Match
mugui,mugui,[Translation Missing],mugui,No Lexicon Match
riumaga,riumaga,[Translation Missing],riumaga,No Lexicon Match
riuragaga,riuragaga,[Translation Missing],riuragaga,No Lexicon Match
ndebe,ndebe,[Translation Missing],ndebe,No Lexicon Match
Itonga,tonga,[Translation Missing],itonga,No Lexicon Match
irugaga,rugaga,[Translation Missing],irugaga,No Lexicon Match
ngio,ngio,[Translation Missing],ngio,No Lexicon Match
Ituura,tuura,[Translation Missing],ituura,No Lexicon Match
rir,rir,[Translation Missing],rir,No Lexicon Match
kanono,kanono,[Translation Missing],ka-nono,No Lexicon Match
ritituhagia,hagia,[Translation Missing],ritituhagia,No Lexicon Match
kahiu,kahiu,[Translation Missing],kahiu,No Lexicon Match
Ithinjiro,ithinjiro,[Translation Missing],ithinjiro,No Lexicon Match
ritiagaga,agaga,[Translation Missing],ritiagaga,No Lexicon Match
thakame,thakama,[Translation Missing],thakama,No Lexicon Match
Kaana,kaana,[Translation Missing],kaana,No Lexicon Match
ngari,ngari,[Translation Missing],ngari,No Lexicon Match
gakunyaga,nyaga,[Translation Missing],gakunyaga,No Lexicon Match
karere,rera,[Translation Missing],karere,No Lexicon Match
ucuwe,cuwa,[Translation Missing],ucuwe,No Lexicon Match
gatingirungika,gatingirungika,[Translation Missing],gatingirungika,No Lexicon Match
Kaara,kaara,[Translation Missing],kaara,No Lexicon Match
gatingiyuragira,tingiyuragira,[Translation Missing],gatingiyuragira,No Lexicon Match
Kagwaci,gwaci,[Translation Missing],kagwaci,No Lexicon Match
nook,nook,[Translation Missing],nook,No Lexicon Match
kahoragia,horagia,[Translation Missing],ka-horagia,No Lexicon Match
Kahiga,higa,[Translation Missing],higa,No Lexicon Match
gakuru,wakuru,[Translation Missing],gakuru,No Lexicon Match
gatiagararagwo,agararagwo,[Translation Missing],gatiagararagwo,No Lexicon Match
Kahii,kahii,[Translation Missing],kahii,No Lexicon Match
mwathi,thi,[Translation Missing],mwathi,No Lexicon Match
kamenyaga,menyaga,[Translation Missing],ka-menyaga,No Lexicon Match
kugereka,gereka,[Translation Missing],gereka,No Lexicon Match
kogi,kogi,[Translation Missing],kogi,No Lexicon Match
kabaritaga,baritaga,[Translation Missing],ka-baritaga,No Lexicon Match
migwi,mgwi,[Translation Missing],migwi,No Lexicon Match
Kahiu,kahiu,[Translation Missing],kahiu,No Lexicon Match
getainwo,getainwo,[Translation Missing],getainwo,No Lexicon Match
rwenji,enji,[Translation Missing],rwenji,No Lexicon Match
karathime,thima,[Translation Missing],karathime,No Lexicon Match
kariaga,riaga,[Translation Missing],kariaga,No Lexicon Match
kinandu,kinandu,[Translation Missing],kinandu,No Lexicon Match
Kahunii,hunia,[Translation Missing],kahunii,No Lexicon Match
gatiui,gatiui,[Translation Missing],gatiui,No Lexicon Match
mwiri,mwiri,[Translation Missing],mwiri,No Lexicon Match
gatuhaga,gatuhaga,[Translation Missing],gatuhaga,No Lexicon Match
Kaihu,Kaihu,[Translation Missing],kaihu,No Lexicon Match
koruri,koruri,[Translation Missing],koruri,No Lexicon Match
gatigaga,gatigaga,[Translation Missing],gatigaga,No Lexicon Match
kwao,wao,[Translation Missing],kwao,No Lexicon Match
gugithinjwo,gugithinjwo,[Translation Missing],gugithinjwo,No Lexicon Match
Kamamiriria,miriria,[Translation Missing],kamamiriria,No Lexicon Match
gateire,gatea,[Translation Missing],gateira,No Lexicon Match
murime,murime,[Translation Missing],murime,No Lexicon Match
Kamau,mau,[Translation Missing],kamau,No Lexicon Match
mweru,mweru,[Translation Missing],mweru,No Lexicon Match
airaga,iraga,[Translation Missing],a-iraga,No Lexicon Match
Kamuhuthua,muhuthua,[Translation Missing],muhuthua,No Lexicon Match
kaharurukagia,harurukagia,[Translation Missing],harurukagia,No Lexicon Match
Kamuingi,ingi,[Translation Missing],kamuingi,No Lexicon Match
koyaga,yaga,[Translation Missing],koyaga,No Lexicon Match
Kanira,kanira,[Translation Missing],kanira,No Lexicon Match
njara,njara,[Translation Missing],njara,No Lexicon Match
ukomeire,koma,[Translation Missing],u-komea,No Lexicon Match
Kanoro,kanoro,[Translation Missing],kanoro,No Lexicon Match
ituura,tuura,[Translation Missing],ituura,No Lexicon Match
gatituhagia,hagia,[Translation Missing],gatituhagia,No Lexicon Match
Kanua,kanua,[Translation Missing],kanua,No Lexicon Match
karia,karia,[Translation Missing],karia,No Lexicon Match
kariire,ria,[Translation Missing],kariire,No Lexicon Match
koragia,ragia,[Translation Missing],ko-ragia,No Lexicon Match
ngahanda,handa,[Translation Missing],nga-handa,No Lexicon Match
kene,kene,[Translation Missing],kene,No Lexicon Match
gatinyuaga,gatinyuaga,[Translation Missing],gatinyuaga,No Lexicon Match
muma,muma,[Translation Missing],muma,No Lexicon Match
ikahu,ikahu,[Translation Missing],ikahu,No Lexicon Match
kendagia,kendagia,[Translation Missing],kendagia,No Lexicon Match
kiongo,kiongo,[Translation Missing],ki-ongo,No Lexicon Match
weriire,eria,[Translation Missing],weria,No Lexicon Match
Kanya,nya,[Translation Missing],kanya,No Lexicon Match
gatune,gatuna,[Translation Missing],gatune,No Lexicon Match
mwamukaniro,mukaniro,[Translation Missing],mwamukaniro,No Lexicon Match
Kanyoni,kanyoni,[Translation Missing],kanyoni,No Lexicon Match
kabariti,bariti,[Translation Missing],ka-bariti,No Lexicon Match
keminagira,minagira,[Translation Missing],keminagira,No Lexicon Match
njoya,njoya,[Translation Missing],njoya,No Lexicon Match
Kanywanjui,nywanjui,[Translation Missing],kanywanjui,No Lexicon Match
kerathaga,thaga,[Translation Missing],kera-thaga,No Lexicon Match
kero,kero,[Translation Missing],kero,No Lexicon Match
gako,wako,[Translation Missing],gako,No Lexicon Match
Karaguthwo,raguthwo,[Translation Missing],karaguthwo,No Lexicon Match
kwigita,igita,[Translation Missing],igita,No Lexicon Match
Karanga,ranga,[Translation Missing],karanga,No Lexicon Match
hako,hako,[Translation Missing],hako,No Lexicon Match
gatiumagia,umagia,[Translation Missing],gatiumagia,No Lexicon Match
Karara,rara,[Translation Missing],karara,No Lexicon Match
gekinya,gekinya,[Translation Missing],gekinya,No Lexicon Match
Karatha,ratha,[Translation Missing],karatha,No Lexicon Match
gatukagia,gatukagia,[Translation Missing],gatukagia,No Lexicon Match
karatha,ratha,[Translation Missing],karatha,No Lexicon Match
Karatu,karatu,[Translation Missing],karatu,No Lexicon Match
gatagwo,gatagwo,[Translation Missing],gatagwo,No Lexicon Match
kuguru,guru,[Translation Missing],kuguru,No Lexicon Match
Karegi,regi,[Translation Missing],karegi,No Lexicon Match
gatihonaga,honaga,[Translation Missing],gati-honaga,No Lexicon Match
Kareraria,reraria,[Translation Missing],kareraria,No Lexicon Match
kagaruragwo,garuragwo,[Translation Missing],kagaruragwo,No Lexicon Match
Kariki,kariki,[Translation Missing],kariki,No Lexicon Match
gatukiriirie,tukiriiria,[Translation Missing],gatukiriiria,No Lexicon Match
ndutura,ndutura,[Translation Missing],ndutura,No Lexicon Match
Kari,kari,[Translation Missing],kari,No Lexicon Match
mata,mata,[Translation Missing],mata,No Lexicon Match
gatiagaga,agaga,[Translation Missing],gatiagaga,No Lexicon Match
kuuga,uga,[Translation Missing],uga,No Lexicon Match
gatiiyumburaga,yumburaga,[Translation Missing],gatiiyumburaga,No Lexicon Match
Kiaga,aga,[Translation Missing],aga,No Lexicon Match
ngui,ngui,[Translation Missing],ngui,No Lexicon Match
kiabaca,baca,[Translation Missing],kiabaca,No Lexicon Match
Kiama,ama,[Translation Missing],kiama,No Lexicon Match
gitirugaga,gitirugaga,[Translation Missing],gi-tirugaga,No Lexicon Match
ruui,ruua,[Translation Missing],ruui,No Lexicon Match
Kiambi,amba,[Translation Missing],kiambi,No Lexicon Match
nikio,nikio,[Translation Missing],nikio,No Lexicon Match
giakura,giakura,[Translation Missing],giakura,No Lexicon Match
Kiara,ara,[Translation Missing],kiara,No Lexicon Match
kiiyuragio,yuragio,[Translation Missing],kiiyuragio,No Lexicon Match
guita,guita,[Translation Missing],guita,No Lexicon Match
ihuti,ihuti,[Translation Missing],ihuti,No Lexicon Match
Kiega,ega,[Translation Missing],ega,No Lexicon Match
gitithiraga,thiraga,[Translation Missing],gi-tithiraga,No Lexicon Match
Kiere,era,[Translation Missing],kiere,No Lexicon Match
njiraini,njiraini,[Translation Missing],njiraini,No Lexicon Match
gitigwatagwo,gitigwatagwo,[Translation Missing],gitigwatagwo,No Lexicon Match
muura,muura,[Translation Missing],muura,No Lexicon Match
Kiero,ero,[Translation Missing],kiero,No Lexicon Match
uimbo,uimbo,[Translation Missing],u-imbo,No Lexicon Match
Kieru,eru,[Translation Missing],kieru,No Lexicon Match
kiiraga,iraga,[Translation Missing],kiiraga,No Lexicon Match
Kigina,gina,[Translation Missing],kigina,No Lexicon Match
gitininukagio,nukagio,[Translation Missing],gitininukagio,No Lexicon Match
irio,irio,[Translation Missing],irio,No Lexicon Match
hande,handa,[Translation Missing],hande,No Lexicon Match
nguru,nguru,[Translation Missing],nguru,No Lexicon Match
Kihooto,hooto,[Translation Missing],kihooto,No Lexicon Match
gituthaga,thaga,[Translation Missing],gi-tuthaga,No Lexicon Match
ruga,ruga,[Translation Missing],ruga,No Lexicon Match
rutunge,tunga,[Translation Missing],rutunga,No Lexicon Match
kigeturaga,geturaga,[Translation Missing],ki-geturaga,No Lexicon Match
mugete,geta,[Translation Missing],mu-gete,No Lexicon Match
kiringaga,ringaga,[Translation Missing],ki-ringaga,No Lexicon Match
ruiyuru,ruiyuru,[Translation Missing],ruiyuru,No Lexicon Match
kiongagirirwo,kiongagirirwo,[Translation Missing],ki-ongagirirwo,No Lexicon Match
Kinandu,Kinandu,[Translation Missing],kinandu,No Lexicon Match
gitihakagwo,gitihakagwo,[Translation Missing],gitihakagwo,No Lexicon Match
mugeni,muga,[Translation Missing],mugeni,No Lexicon Match
Kindu,kindu,[Translation Missing],kindu,No Lexicon Match
kiene,ene,[Translation Missing],ene,No Lexicon Match
ndokeirwo,ndokeirwo,[Translation Missing],ndokeirwo,No Lexicon Match
nuu,nuu,[Translation Missing],nuu,No Lexicon Match
kironda,kironda,[Translation Missing],ki-ronda,No Lexicon Match
indi,indi,[Translation Missing],indi,No Lexicon Match
rua,rua,[Translation Missing],rua,No Lexicon Match
rwa,wa,[Translation Missing],rwa,No Lexicon Match
muhuhi,muhuhi,[Translation Missing],muhuhi,No Lexicon Match
ethukitie,thuka,[Translation Missing],ethukitia,No Lexicon Match
we,we,[Translation Missing],we,No Lexicon Match
muhoi,muhoi,[Translation Missing],muhoi,No Lexicon Match
ahoyage,hoyaga,[Translation Missing],hoyage,No Lexicon Match
Kindongo,Kindongo,[Translation Missing],kindongo,No Lexicon Match
kiariire,aria,[Translation Missing],aria,No Lexicon Match
mai,mai,[Translation Missing],mai,No Lexicon Match
kwaga,waga,[Translation Missing],kwaga,No Lexicon Match
mayu,mayu,[Translation Missing],mayu,No Lexicon Match
gukira,gukira,[Translation Missing],gukira,No Lexicon Match
Kinya,nya,[Translation Missing],kinya,No Lexicon Match
itina,itina,[Translation Missing],itina,No Lexicon Match
kiigaga,igaga,[Translation Missing],igaga,No Lexicon Match
Kiongo,kiongo,[Translation Missing],kiongo,No Lexicon Match
kienjithagio,enjithagio,[Translation Missing],ki-enjithagio,No Lexicon Match
Kionje,onja,[Translation Missing],ki-onje,No Lexicon Match
gitihoyaga,hoyaga,[Translation Missing],gitihoyaga,No Lexicon Match
micii,micii,[Translation Missing],micii,No Lexicon Match
Kiri,kiri,[Translation Missing],kiri,No Lexicon Match
kwihia,ihia,[Translation Missing],ihia,No Lexicon Match
ciihitie,hita,[Translation Missing],ciihitia,No Lexicon Match
ciothe,otha,[Translation Missing],ciothe,No Lexicon Match
Kiriro,kiriro,[Translation Missing],kiriro,No Lexicon Match
ndara,ndara,[Translation Missing],ndara,No Lexicon Match
gitingireka,tingireka,[Translation Missing],gi-tingireka,No Lexicon Match
akome,koma,[Translation Missing],koma,No Lexicon Match
Kiriti,kiriti,[Translation Missing],kiriti,No Lexicon Match
gitiunanagirwo,gitiunanagirwo,[Translation Missing],gitiunanagirwo,No Lexicon Match
Kirimu,Kirimu,[Translation Missing],kirimu,No Lexicon Match
gitindagia,tindagia,[Translation Missing],gi-tindagia,No Lexicon Match
kihithaga,hithaga,[Translation Missing],ki-hithaga,No Lexicon Match
rwembeaini,embeaini,[Translation Missing],rwembeaini,No Lexicon Match
nyumba,nyumba,[Translation Missing],nyumba,No Lexicon Match
gitikuonwo,ona,[Translation Missing],gitiku-onwo,No Lexicon Match
gwikigia,gwikigia,[Translation Missing],gwikigia,No Lexicon Match
kirugite,ruga,[Translation Missing],ki-rugite,No Lexicon Match
muciarire,ciara,[Translation Missing],mu-ciarire,No Lexicon Match
kiongaga,ongaga,[Translation Missing],ki-ongaga,No Lexicon Match
mukuu,kuu,[Translation Missing],mukuu,No Lexicon Match
Kiringiri,kiringiri,[Translation Missing],kiringiri,No Lexicon Match
rukirega,rega,[Translation Missing],rukirega,No Lexicon Match
Kironda,ronda,[Translation Missing],ki-ronda,No Lexicon Match
gitimuiragia,gitimuiragia,[Translation Missing],gitimuiragia,No Lexicon Match
Kiruka,kiruka,[Translation Missing],kiruka,No Lexicon Match
kimbu,kimbu,[Translation Missing],kimbu,No Lexicon Match
gitithiragwo,gitithiragwo,[Translation Missing],gitithiragwo,No Lexicon Match
mungungutu,ngungutu,[Translation Missing],mungungutu,No Lexicon Match
Kiuma,uma,[Translation Missing],kiuma,No Lexicon Match
gitihatagiririo,gitihatagiririo,[Translation Missing],gitihatagiririo,No Lexicon Match
Kiunuhu,unuhu,[Translation Missing],kiunuhu,No Lexicon Match
gitiriagirwo,gitiriagirwo,[Translation Missing],gitiriagirwo,No Lexicon Match
Kiura,ura,[Translation Missing],kiura,No Lexicon Match
kiaringio,ringio,[Translation Missing],kiaringio,No Lexicon Match
kiugaga,ugaga,[Translation Missing],ki-ugaga,No Lexicon Match
kieringia,eringia,[Translation Missing],ki-eringia,No Lexicon Match
Kiririria,Kiririria,[Translation Missing],kiririria,No Lexicon Match
thuti,thuti,[Translation Missing],thuti,No Lexicon Match
ruo,ruo,[Translation Missing],ruo,No Lexicon Match
Kirihia,kirihia,[Translation Missing],kirihia,No Lexicon Match
Kiuga,uga,[Translation Missing],uga,No Lexicon Match
githeri,githeri,[Translation Missing],gi-theri,No Lexicon Match
gitirutanagirwo,gitirutanagirwo,[Translation Missing],gitirutanagirwo,No Lexicon Match
Komu,komu,[Translation Missing],komu,No Lexicon Match
ateire,tea,[Translation Missing],teira,No Lexicon Match
kaigu,igu,[Translation Missing],kaigu,No Lexicon Match
athinirie,thinira,[Translation Missing],thiniria,No Lexicon Match
Kuganwo,gana,[Translation Missing],ganwo,No Lexicon Match
Kugera,gera,[Translation Missing],gera,No Lexicon Match
mugathi,mugathi,[Translation Missing],mugathi,No Lexicon Match
gutinia,gutinia,[Translation Missing],gutinia,No Lexicon Match
Kuguru,guru,[Translation Missing],guru,No Lexicon Match
muhu,muhu,[Translation Missing],muhu,No Lexicon Match
ime,ime,[Translation Missing],ime,No Lexicon Match
itihanaine,itihanaine,[Translation Missing],itihanaine,No Lexicon Match
irata,rata,[Translation Missing],irata,No Lexicon Match
Kugunagwo,gunagwo,[Translation Missing],gunagwo,No Lexicon Match
mwithiomeri,thioma,[Translation Missing],mwithiomeri,No Lexicon Match
muthiomerwo,muthiomerwo,[Translation Missing],mu-thiomerwo,No Lexicon Match
Kugunirwo,guna,[Translation Missing],gunirwo,No Lexicon Match
kugunirwo,guna,[Translation Missing],kugunirwo,No Lexicon Match
Kuhika,hika,[Translation Missing],hika,No Lexicon Match
kuna,kuna,[Translation Missing],kuna,No Lexicon Match
Kuhitia,hitia,[Translation Missing],hitia,No Lexicon Match
Kuhonoka,honoka,[Translation Missing],honoka,No Lexicon Match
gutuura,gutuura,[Translation Missing],gutuura,No Lexicon Match
Kuhoya,hoya,[Translation Missing],hoya,No Lexicon Match
kuiya,iya,[Translation Missing],iya,No Lexicon Match
Kuhuuta,huuta,[Translation Missing],huuta,No Lexicon Match
kuhuuna,huuna,[Translation Missing],huuna,No Lexicon Match
Kuhura,hura,[Translation Missing],hura,No Lexicon Match
Kuira,ira,[Translation Missing],ira,No Lexicon Match
kurita,rita,[Translation Missing],rita,No Lexicon Match
kuma,kuma,[Translation Missing],kuma,No Lexicon Match
ihiga,higa,[Translation Missing],ihiga,No Lexicon Match
kuororoa,ororoa,[Translation Missing],ororoa,No Lexicon Match
Kumtha,mtha,[Translation Missing],mtha,No Lexicon Match
gutiri,gutiri,[Translation Missing],gutiri,No Lexicon Match
kuramata,ramata,[Translation Missing],ramata,No Lexicon Match
Kumenya,menya,[Translation Missing],menya,No Lexicon Match
muno,muno,[Translation Missing],muno,No Lexicon Match
kumenyuka,menyuka,[Translation Missing],menyuka,No Lexicon Match
weru,weru,[Translation Missing],weru,No Lexicon Match
kuutinda,tinda,[Translation Missing],kuu-tinda,No Lexicon Match
Kungu,kungu,[Translation Missing],kungu,No Lexicon Match
maitu,itu,[Translation Missing],maitu,No Lexicon Match
hunyu,hunyu,[Translation Missing],hunyu,No Lexicon Match
Kunyitha,nyitha,[Translation Missing],nyitha,No Lexicon Match
gutinio,gutinio,[Translation Missing],gutinio,No Lexicon Match
Kunyitwo,nyitwo,[Translation Missing],kunyitwo,No Lexicon Match
kuohwo,ohwo,[Translation Missing],kuohwo,No Lexicon Match
Kuri,kuri,[Translation Missing],kuri,No Lexicon Match
maiyuria,yuria,[Translation Missing],maiyuria,No Lexicon Match
ndua,ndua,[Translation Missing],ndua,No Lexicon Match
kihia,hia,[Translation Missing],ki-hia,No Lexicon Match
gigiciara,gigiciara,[Translation Missing],gigiciara,No Lexicon Match
gukahuka,gukahuka,[Translation Missing],guka-huka,No Lexicon Match
guticokaga,ticokaga,[Translation Missing],guticokaga,No Lexicon Match
gukua,gukua,[Translation Missing],gukua,No Lexicon Match
kigwa,kigwa,[Translation Missing],ki-gwa,No Lexicon Match
mwoni,mwoni,[Translation Missing],mwoni,No Lexicon Match
murata,murata,[Translation Missing],murata,No Lexicon Match
ukuu,ukuu,[Translation Missing],ukuu,No Lexicon Match
utatumwo,utatumwo,[Translation Missing],utatumwo,No Lexicon Match
Kuria,ria,[Translation Missing],ria,No Lexicon Match
mbere,mbere,[Translation Missing],mbere,No Lexicon Match
gukoroka,gukoroka,[Translation Missing],gu-koroka,No Lexicon Match
kuoria,oria,[Translation Missing],oria,No Lexicon Match
nai,nai,[Translation Missing],nai,No Lexicon Match
akaria,ria,[Translation Missing],aka-ria,No Lexicon Match
kuria,ria,[Translation Missing],ria,No Lexicon Match
tiri,tiri,[Translation Missing],tiri,No Lexicon Match
thiri,thiri,[Translation Missing],thiri,No Lexicon Match
kuriha,riha,[Translation Missing],riha,No Lexicon Match
Kuriithia,riithia,[Translation Missing],riithia,No Lexicon Match
Kurikanira,rikanira,[Translation Missing],rikanira,No Lexicon Match
ndeto,ndeto,[Translation Missing],ndeto,No Lexicon Match
ihitane,hitana,[Translation Missing],ihitane,No Lexicon Match
Kurima,rima,[Translation Missing],rima,No Lexicon Match
kwienda,enda,[Translation Missing],ienda,No Lexicon Match
Kurita,rita,[Translation Missing],rita,No Lexicon Match
kuru,kuru,[Translation Missing],kuru,No Lexicon Match
Kuruga,ruga,[Translation Missing],ruga,No Lexicon Match
amu,wamu,[Translation Missing],amu,No Lexicon Match
kiura,kiura,[Translation Missing],ki-ura,No Lexicon Match
kioragire,oraga,[Translation Missing],oraga,No Lexicon Match
iruga,ruga,[Translation Missing],iruga,No Lexicon Match
Kurua,rua,[Translation Missing],rua,No Lexicon Match
kugurana,gura,[Translation Missing],gura,No Lexicon Match
gutiiriragwo,gutiiriragwo,[Translation Missing],gutiiriragwo,No Lexicon Match
kwara,kwara,[Translation Missing],kwara,No Lexicon Match
itara,tara,[Translation Missing],itara,No Lexicon Match
Ku,ku,[Translation Missing],ku,No Lexicon Match
Kuma,ma,[Translation Missing],kuma,No Lexicon Match
mbaa,mbaa,[Translation Missing],mbaa,No Lexicon Match
guthii,guthii,[Translation Missing],guthii,No Lexicon Match
heho,heho,[Translation Missing],heho,No Lexicon Match
Kumagara,magara,[Translation Missing],magara,No Lexicon Match
Kwa,kwa,[Translation Missing],kwa,No Lexicon Match
mucuni,mucuni,[Translation Missing],mucuni,No Lexicon Match
gwateirwo,gwateirwo,[Translation Missing],gwateirwo,No Lexicon Match
muhituki,muhituki,[Translation Missing],mu-hituki,No Lexicon Match
munegeni,munega,[Translation Missing],munega,No Lexicon Match
gukiura,gukiura,[Translation Missing],gukiura,No Lexicon Match
mukiri,mukiri,[Translation Missing],mukiri,No Lexicon Match
kworire,ora,[Translation Missing],kwora,No Lexicon Match
mwendwo,mwendwo,[Translation Missing],mwendwo,No Lexicon Match
irima,irima,[Translation Missing],irima,No Lexicon Match
Kwaria,aria,[Translation Missing],kwaria,No Lexicon Match
kwendana,enda,[Translation Missing],enda,No Lexicon Match
gucaya,gucaya,[Translation Missing],gucaya,No Lexicon Match
gutua,gutua,[Translation Missing],gutua,No Lexicon Match
cira,cira,[Translation Missing],cira,No Lexicon Match
Kwigeria,igeria,[Translation Missing],igeria,No Lexicon Match
kwigeria,igeria,[Translation Missing],igeria,No Lexicon Match
mathina,thina,[Translation Missing],ma-thina,No Lexicon Match
Kwigita,igita,[Translation Missing],igita,No Lexicon Match
guoya,oya,[Translation Missing],gu-oya,No Lexicon Match
Kwionera,ona,[Translation Missing],ionera,No Lexicon Match
kwirwo,kwirwo,[Translation Missing],kwirwo,No Lexicon Match
Kuona,ona,[Translation Missing],ona,No Lexicon Match
kimera,mera,[Translation Missing],ki-mera,No Lexicon Match
Maai,uMaai,[Translation Missing],maai,No Lexicon Match
maraitika,itika,[Translation Missing],mara-itika,No Lexicon Match
muhitire,hita,[Translation Missing],mu-hita,No Lexicon Match
mararu,raru,[Translation Missing],mararu,No Lexicon Match
timo,timo,[Translation Missing],timo,No Lexicon Match
mahiu,mahiu,[Translation Missing],mahiu,No Lexicon Match
Maciara,ciara,[Translation Missing],maciara,No Lexicon Match
maingi,ingi,[Translation Missing],maingi,No Lexicon Match
mbirira,mbirira,[Translation Missing],mbirira,No Lexicon Match
nyingi,nyingi,[Translation Missing],nyingi,No Lexicon Match
Mageria,geria,[Translation Missing],mageria,No Lexicon Match
nomo,nomo,[Translation Missing],nomo,No Lexicon Match
mahota,hota,[Translation Missing],ma-hota,No Lexicon Match
Maguta,guta,[Translation Missing],maguta,No Lexicon Match
makuru,makuru,[Translation Missing],makuru,No Lexicon Match
matinaga,tinaga,[Translation Missing],ma-tinaga,No Lexicon Match
rwimbo,umbo,[Translation Missing],rwimbo,No Lexicon Match
mambagio,mambagio,[Translation Missing],mambagio,No Lexicon Match
uthiu,uthiu,[Translation Missing],u-thiu,No Lexicon Match
Maheni,ha,[Translation Missing],maheni,No Lexicon Match
Maitho,uMaitho,[Translation Missing],maitho,No Lexicon Match
matiendaga,endaga,[Translation Missing],mati-endaga,No Lexicon Match
kindu,kindu,[Translation Missing],kindu,No Lexicon Match
kihinju,kihinju,[Translation Missing],ki-hinju,No Lexicon Match
iranga,iranga,[Translation Missing],iranga,No Lexicon Match
mambo,mambo,[Translation Missing],mambo,No Lexicon Match
ciura,ciura,[Translation Missing],ciura,No Lexicon Match
matigiragia,tigiragia,[Translation Missing],ma-tigiragia,No Lexicon Match
inyue,nyua,[Translation Missing],inyue,No Lexicon Match
maronana,ronana,[Translation Missing],ma-ronana,No Lexicon Match
nduiriro,nduiriro,[Translation Missing],nduiriro,No Lexicon Match
Maithori,thori,[Translation Missing],maithori,No Lexicon Match
ruthiomi,ruthiomi,[Translation Missing],ruthiomi,No Lexicon Match
Marakara,rakara,[Translation Missing],marakara,No Lexicon Match
matituuraga,tituuraga,[Translation Missing],ma-tituuraga,No Lexicon Match
gitei,gitei,[Translation Missing],gi-tei,No Lexicon Match
Mari,mari,[Translation Missing],mari,No Lexicon Match
matirutaga,tirutaga,[Translation Missing],ma-tirutaga,No Lexicon Match
nyota,nyota,[Translation Missing],nyota,No Lexicon Match
Matari,tari,[Translation Missing],matari,No Lexicon Match
maku,waku,[Translation Missing],maku,No Lexicon Match
mahitukaga,hitukaga,[Translation Missing],mahitukaga,No Lexicon Match
ugikunja,gikunja,[Translation Missing],u-gi-kunja,No Lexicon Match
ituma,tuma,[Translation Missing],ituma,No Lexicon Match
Mathanwa,thanwa,[Translation Missing],mathanwa,No Lexicon Match
kiondo,kiondo,[Translation Missing],ki-ondo,No Lexicon Match
gukomorania,komorania,[Translation Missing],gukomorania,No Lexicon Match
Matienda,enda,[Translation Missing],tienda,No Lexicon Match
mwako,wako,[Translation Missing],mwako,No Lexicon Match
mendaga,mendaga,[Translation Missing],mendaga,No Lexicon Match
murugurio,murugurio,[Translation Missing],murugurio,No Lexicon Match
Matigana,tigana,[Translation Missing],matigana,No Lexicon Match
moranwo,moranwo,[Translation Missing],moranwo,No Lexicon Match
Matiruka,tiruka,[Translation Missing],matiruka,No Lexicon Match
magua,gua,[Translation Missing],ma-gua,No Lexicon Match
Matuku,tuku,[Translation Missing],matuku,No Lexicon Match
nguririri,nguririri,[Translation Missing],nguririri,No Lexicon Match
thigo,thigo,[Translation Missing],thigo,No Lexicon Match
kiumia,umia,[Translation Missing],ki-umia,No Lexicon Match
Matumbi,tumbi,[Translation Missing],matumbi,No Lexicon Match
matituranaga,tituranaga,[Translation Missing],ma-tituranaga,No Lexicon Match
Maundu,undu,[Translation Missing],undu,No Lexicon Match
ndiganiro,ndiganiro,[Translation Missing],ndiganiro,No Lexicon Match
Mba,ba,[Translation Missing],mba,No Lexicon Match
yakwa,wakwa,[Translation Missing],yakwa,No Lexicon Match
irihagwo,irihagwo,[Translation Missing],irihagwo,No Lexicon Match
Mbaara,uMbaara,[Translation Missing],mbaara,No Lexicon Match
Mbaaraya,raya,[Translation Missing],mbaaraya,No Lexicon Match
ngondu,ngondu,[Translation Missing],ngondu,No Lexicon Match
Mbari,uMbari,[Translation Missing],mbari,No Lexicon Match
ngeka,ngeka,[Translation Missing],ngeka,No Lexicon Match
makorirwo,makorirwo,[Translation Missing],makorirwo,No Lexicon Match
meka,meka,[Translation Missing],meka,No Lexicon Match
Mbia,uMbia,[Translation Missing],mbia,No Lexicon Match
iminaga,iminaga,[Translation Missing],iminaga,No Lexicon Match
ndarwa,rwa,[Translation Missing],rwa,No Lexicon Match
igutha,gutha,[Translation Missing],igutha,No Lexicon Match
Mbere,bere,[Translation Missing],mbere,No Lexicon Match
ndiriragwo,ndiriragwo,[Translation Missing],ndiriragwo,No Lexicon Match
gikeno,gikeno,[Translation Missing],gi-keno,No Lexicon Match
mugiano,mugiano,[Translation Missing],mugiano,No Lexicon Match
Mbogo,uMbogo,[Translation Missing],mbogo,No Lexicon Match
Mbui,uMbui,[Translation Missing],mbui,No Lexicon Match
munge,munge,[Translation Missing],munge,No Lexicon Match
Mburi,uMburi,[Translation Missing],mburi,No Lexicon Match
igucagio,gucagio,[Translation Missing],igucagio,No Lexicon Match
munyu,munyu,[Translation Missing],munyu,No Lexicon Match
itiugagirwo,itiugagirwo,[Translation Missing],itiugagirwo,No Lexicon Match
mbu,mbu,[Translation Missing],mbu,No Lexicon Match
kaana,kaana,[Translation Missing],kaana,No Lexicon Match
itirumagwo,itirumagwo,[Translation Missing],itirumagwo,No Lexicon Match
ndiremaga,remaga,[Translation Missing],ndi-remaga,No Lexicon Match
rwagatha,gatha,[Translation Missing],rwagatha,No Lexicon Match
ndikiraga,raga,[Translation Missing],ndikiraga,No Lexicon Match
muitha,itha,[Translation Missing],muitha,No Lexicon Match
ndirigaria,rigaria,[Translation Missing],ndi-rigaria,No Lexicon Match
nditihagira,hagira,[Translation Missing],ndi-tihagira,No Lexicon Match
tuhu,tuhu,[Translation Missing],tuhu,No Lexicon Match
marigu,marigu,[Translation Missing],marigu,No Lexicon Match
ngia,ngia,[Translation Missing],ngia,No Lexicon Match
yaringirira,ringirira,[Translation Missing],ringirira,No Lexicon Match
uguo,uguo,[Translation Missing],uguo,No Lexicon Match
bata,bata,[Translation Missing],bata,No Lexicon Match
uringagirira,ringagirira,[Translation Missing],u-ringagirira,No Lexicon Match
Mbu,uMbu,[Translation Missing],mbu,No Lexicon Match
itikagio,itikagio,[Translation Missing],itikagio,No Lexicon Match
athamaki,thamaki,[Translation Missing],a-thamaki,No Lexicon Match
Mbugi,uMbugi,[Translation Missing],mbugi,No Lexicon Match
ndikirite,kira,[Translation Missing],ndikirite,No Lexicon Match
muriha,muriha,[Translation Missing],muriha,No Lexicon Match
Mburungo,uMburungo,[Translation Missing],mburungo,No Lexicon Match
muthiomeri,muthiomeri,[Translation Missing],mu-thiomeri,No Lexicon Match
irugite,ruga,[Translation Missing],irugite,No Lexicon Match
Me,me,[Translation Missing],me,No Lexicon Match
haraya,haraya,[Translation Missing],haraya,No Lexicon Match
Menya,enya,[Translation Missing],menya,No Lexicon Match
wigerere,gerera,[Translation Missing],wigerere,No Lexicon Match
ndukore,kora,[Translation Missing],ndukore,No Lexicon Match
Miano,wano,[Translation Missing],miano,No Lexicon Match
nditukanagio,tukanagio,[Translation Missing],ndi-tukanagio,No Lexicon Match
Migambo,uMgambo,[Translation Missing],migambo,No Lexicon Match
miruki,miruki,[Translation Missing],mi-ruki,No Lexicon Match
Miguguta,guguta,[Translation Missing],miguguta,No Lexicon Match
ndiambagiririo,ambagiririo,[Translation Missing],ndi-ambagiririo,No Lexicon Match
Miguire,gua,[Translation Missing],miguire,No Lexicon Match
migogo,migogo,[Translation Missing],migogo,No Lexicon Match
Mihehu,hehu,[Translation Missing],mihehu,No Lexicon Match
yongagirirwo,yongagirirwo,[Translation Missing],yongagirirwo,No Lexicon Match
gukunga,kunga,[Translation Missing],gu-kunga,No Lexicon Match
Mitheko,theko,[Translation Missing],mitheko,No Lexicon Match
githimi,githimi,[Translation Missing],gi-thimi,No Lexicon Match
yumaga,yumaga,[Translation Missing],yumaga,No Lexicon Match
kanuaini,kanua,[Translation Missing],kanua,No Lexicon Match
irimu,irimu,[Translation Missing],irimu,No Lexicon Match
Mondo,uMondo,[Translation Missing],mondo,No Lexicon Match
thegi,thegi,[Translation Missing],thegi,No Lexicon Match
ndiikagio,gio,[Translation Missing],ndiikagio,No Lexicon Match
Mubatari,uMubatari,[Translation Missing],mubatari,No Lexicon Match
ndaconokaga,conokaga,[Translation Missing],conokaga,No Lexicon Match
Mucakwe,cakwe,[Translation Missing],mucakwe,No Lexicon Match
uguithagia,guithagia,[Translation Missing],u-guithagia,No Lexicon Match
Mucangacangi,cangacangi,[Translation Missing],uMucangacangi,No Lexicon Match
onaga,ona,[Translation Missing],onaga,No Lexicon Match
miguongo,mguongo,[Translation Missing],miguongo,No Lexicon Match
Mucari,cari,[Translation Missing],mucari,No Lexicon Match
urutagwo,urutagwo,[Translation Missing],urutagwo,No Lexicon Match
nduguini,ndugua,[Translation Missing],ndugui,No Lexicon Match
Mucaria,caria,[Translation Missing],mucaria,No Lexicon Match
ndamwagaga,mwagaga,[Translation Missing],ndamwagaga,No Lexicon Match
Muceera,ceera,[Translation Missing],ceera,No Lexicon Match
mukundu,mukundu,[Translation Missing],mukundu,No Lexicon Match
akundukaga,kundukaga,[Translation Missing],kundukaga,No Lexicon Match
taguo,taguo,[Translation Missing],taguo,No Lexicon Match
Muciari,ciari,[Translation Missing],muciari,No Lexicon Match
ndairagio,iragio,[Translation Missing],ndairagio,No Lexicon Match
kimira,kimira,[Translation Missing],kimira,No Lexicon Match
ndathikuragia,thikuragia,[Translation Missing],ndathikuragia,No Lexicon Match
etiagira,agira,[Translation Missing],etiagira,No Lexicon Match
Mucii,uMucii,[Translation Missing],mucii,No Lexicon Match
ndwathagwo,thagwo,[Translation Missing],ndwathagwo,No Lexicon Match
utawakire,waka,[Translation Missing],utawakire,No Lexicon Match
kurarwo,kurarwo,[Translation Missing],kurarwo,No Lexicon Match
uraragwo,uraragwo,[Translation Missing],uraragwo,No Lexicon Match
ndutindagwo,tindagwo,[Translation Missing],ndutindagwo,No Lexicon Match
ndwagaga,gaga,[Translation Missing],ndwagaga,No Lexicon Match
kihuno,kihuno,[Translation Missing],ki-huno,No Lexicon Match
Mucingu,cingu,[Translation Missing],mucingu,No Lexicon Match
unaga,ga,[Translation Missing],unaga,No Lexicon Match
Muciriri,ciriri,[Translation Missing],muciriri,No Lexicon Match
ndaigaga,igaga,[Translation Missing],igaga,No Lexicon Match
muthigi,muthigi,[Translation Missing],mu-thigi,No Lexicon Match
Muciri,ciri,[Translation Missing],muciri,No Lexicon Match
ndagambaga,gambaga,[Translation Missing],nda-gambaga,No Lexicon Match
Mucukani,uMucuka,[Translation Missing],mucuka,No Lexicon Match
mwega,ega,[Translation Missing],mwega,No Lexicon Match
Mugambo,uMugambo,[Translation Missing],mugambo,No Lexicon Match
kugua,gua,[Translation Missing],gua,No Lexicon Match
nduoyagwo,oyagwo,[Translation Missing],nduoyagwo,No Lexicon Match
uroigwo,uroigwo,[Translation Missing],uroigwo,No Lexicon Match
ndugukagwo,gwo,[Translation Missing],ndugukagwo,No Lexicon Match
Mugarirua,garirua,[Translation Missing],mugarirua,No Lexicon Match
ndagaga,agaga,[Translation Missing],ndagaga,No Lexicon Match
icura,cura,[Translation Missing],icura,No Lexicon Match
Mugathi,uMugathi,[Translation Missing],mugathi,No Lexicon Match
gutwika,gutwika,[Translation Missing],gu-twika,No Lexicon Match
nducokaga,cokaga,[Translation Missing],nducokaga,No Lexicon Match
muigana,igana,[Translation Missing],mu-igana,No Lexicon Match
uteaga,teaga,[Translation Missing],u-teaga,No Lexicon Match
Mugeni,uMugeni,[Translation Missing],mugeni,No Lexicon Match
amiaga,aga,[Translation Missing],amiaga,No Lexicon Match
ndarugagirwo,rugagirwo,[Translation Missing],ndarugagirwo,No Lexicon Match
ndahuhitaga,hitaga,[Translation Missing],ndahuhitaga,No Lexicon Match
Mugethi,gethi,[Translation Missing],mugethi,No Lexicon Match
agethire,getha,[Translation Missing],getha,No Lexicon Match
Mugi,ugi,[Translation Missing],mugi,No Lexicon Match
mwire,mwire,[Translation Missing],mwire,No Lexicon Match
Mugiri,uMugiri,[Translation Missing],mugiri,No Lexicon Match
kunyitura,nyitura,[Translation Missing],nyitura,No Lexicon Match
agirire,gira,[Translation Missing],gira,No Lexicon Match
kunyitia,nyitia,[Translation Missing],nyitia,No Lexicon Match
Mugiti,uMugiti,[Translation Missing],mugiti,No Lexicon Match
ruhara,ruhara,[Translation Missing],ruhara,No Lexicon Match
Mugogo,uMugogo,[Translation Missing],mugogo,No Lexicon Match
nduhingaga,hingaga,[Translation Missing],ndu-hingaga,No Lexicon Match
iriuko,iriuko,[Translation Missing],iriuko,No Lexicon Match
Mugoma,goma,[Translation Missing],mugoma,No Lexicon Match
uturaga,turaga,[Translation Missing],u-turaga,No Lexicon Match
Mugunda,gunda,[Translation Missing],mugunda,No Lexicon Match
uraga,uraga,[Translation Missing],uraga,No Lexicon Match
rutere,tera,[Translation Missing],rutere,No Lexicon Match
mwere,mwere,[Translation Missing],mwere,No Lexicon Match
umenyagwo,umenyagwo,[Translation Missing],umenyagwo,No Lexicon Match
ngetho,ngetho,[Translation Missing],ngetho,No Lexicon Match
nduinagwo,gwo,[Translation Missing],nduinagwo,No Lexicon Match
Mugurira,gurira,[Translation Missing],mugurira,No Lexicon Match
hakuhi,hakuhi,[Translation Missing],hakuhi,No Lexicon Match
aheo,heo,[Translation Missing],a-heo,No Lexicon Match
Mugui,uMugui,[Translation Missing],mugui,No Lexicon Match
awa,wa,[Translation Missing],awa,No Lexicon Match
ukundemburira,ndemburira,[Translation Missing],ukundemburira,No Lexicon Match
thiaka,thia,[Translation Missing],thiaka,No Lexicon Match
Muhaka,haka,[Translation Missing],muhaka,No Lexicon Match
ciake,wake,[Translation Missing],ciake,No Lexicon Match
itimuragia,muragia,[Translation Missing],itimuragia,No Lexicon Match
Muhakana,kana,[Translation Missing],muhakana,No Lexicon Match
itimuragira,itimuragira,[Translation Missing],itimuragira,No Lexicon Match
Muhaki,haki,[Translation Missing],muhaki,No Lexicon Match
hiu,hiu,[Translation Missing],hiu,No Lexicon Match
Muhandi,handa,[Translation Missing],muhandi,No Lexicon Match
tiwe,tiwa,[Translation Missing],tiwe,No Lexicon Match
murii,murii,[Translation Missing],murii,No Lexicon Match
Muharwo,uMuharwo,[Translation Missing],muharwo,No Lexicon Match
niwe,niwe,[Translation Missing],niwe,No Lexicon Match
uthingataga,thingataga,[Translation Missing],u-thingataga,No Lexicon Match
githaka,githaka,[Translation Missing],gi-thaka,No Lexicon Match
Muhehwo,hehwo,[Translation Missing],muhehwo,No Lexicon Match
meri,meri,[Translation Missing],meri,No Lexicon Match
ndaiguaga,guaga,[Translation Missing],ndai-guaga,No Lexicon Match
Muhenania,henania,[Translation Missing],henania,No Lexicon Match
ndathekaga,thekaga,[Translation Missing],thekaga,No Lexicon Match
Muhenia,henia,[Translation Missing],henia,No Lexicon Match
ago,wago,[Translation Missing],ago,No Lexicon Match
oigaga,igaga,[Translation Missing],igaga,No Lexicon Match
guthira,guthira,[Translation Missing],gu-thira,No Lexicon Match
Muhenio,henio,[Translation Missing],muhenio,No Lexicon Match
matuku,tuku,[Translation Missing],matuku,No Lexicon Match
muhenania,henania,[Translation Missing],mu-henania,No Lexicon Match
Muheo,heo,[Translation Missing],muheo,No Lexicon Match
ndagathimaga,gathimaga,[Translation Missing],ndagathimaga,No Lexicon Match
Muhikana,kana,[Translation Missing],muhikana,No Lexicon Match
ahikanaga,hikanaga,[Translation Missing],a-hikanaga,No Lexicon Match
guitwo,guitwo,[Translation Missing],guitwo,No Lexicon Match
Muhiki,hiki,[Translation Missing],muhiki,No Lexicon Match
ariaga,aga,[Translation Missing],ariaga,No Lexicon Match
rubia,rubia,[Translation Missing],rubia,No Lexicon Match
atumaga,tumaga,[Translation Missing],tumaga,No Lexicon Match
rweru,weru,[Translation Missing],rweru,No Lexicon Match
Muhiriga,hiriga,[Translation Missing],hiriga,No Lexicon Match
muhirigo,muhirigo,[Translation Missing],muhirigo,No Lexicon Match
Muhoreri,horeri,[Translation Missing],muhoreri,No Lexicon Match
Muhotwo,uMuhotwo,[Translation Missing],muhotwo,No Lexicon Match
ndararaga,raraga,[Translation Missing],ndararaga,No Lexicon Match
Muhuunu,huunu,[Translation Missing],muhuunu,No Lexicon Match
etaga,taga,[Translation Missing],etaga,No Lexicon Match
uhutii,hutia,[Translation Missing],u-hutii,No Lexicon Match
mukoroku,mukoroku,[Translation Missing],mukoroku,No Lexicon Match
Muici,uMuici,[Translation Missing],muici,No Lexicon Match
athamagia,thamagia,[Translation Missing],thamagia,No Lexicon Match
murogi,murogi,[Translation Missing],mu-rogi,No Lexicon Match
kihii,kihii,[Translation Missing],kihii,No Lexicon Match
atigaga,tigaga,[Translation Missing],tigaga,No Lexicon Match
kiarua,arua,[Translation Missing],ki-arua,No Lexicon Match
akua,kua,[Translation Missing],akua,No Lexicon Match
ndathiragwo,thiragwo,[Translation Missing],ndathiragwo,No Lexicon Match
hindi,hindi,[Translation Missing],hindi,No Lexicon Match
arindagira,rindagira,[Translation Missing],rindagira,No Lexicon Match
maguta,guta,[Translation Missing],ma-guta,No Lexicon Match
munyite,nya,[Translation Missing],munyite,No Lexicon Match
muria,muria,[Translation Missing],muria,No Lexicon Match
gake,wake,[Translation Missing],gake,No Lexicon Match
oio,oio,[Translation Missing],oio,No Lexicon Match
Muigua,gua,[Translation Missing],muigua,No Lexicon Match
uthekagirira,thekagirira,[Translation Missing],u-thekagirira,No Lexicon Match
conge,conga,[Translation Missing],conge,No Lexicon Match
Muihwa,ihwa,[Translation Missing],muihwa,No Lexicon Match
ndahoyaga,hoyaga,[Translation Missing],hoyaga,No Lexicon Match
ndaimagwo,imagwo,[Translation Missing],ndaimagwo,No Lexicon Match
runyeni,runya,[Translation Missing],runya,No Lexicon Match
Muikarania,rania,[Translation Missing],muikarania,No Lexicon Match
kiimba,imba,[Translation Missing],ki-imba,No Lexicon Match
Muikaranio,uMuikaranio,[Translation Missing],uMuikaranio,No Lexicon Match
niguo,niguo,[Translation Missing],niguo,No Lexicon Match
mubarano,mubarano,[Translation Missing],mubarano,No Lexicon Match
Muikari,uMuikari,[Translation Missing],muikari,No Lexicon Match
gitina,gitina,[Translation Missing],gi-tina,No Lexicon Match
kiria,kiria,[Translation Missing],kiria,No Lexicon Match
thambo,thambo,[Translation Missing],thambo,No Lexicon Match
ndakoragwo,koragwo,[Translation Missing],ndakoragwo,No Lexicon Match
onete,neta,[Translation Missing],oneta,No Lexicon Match
akarega,rega,[Translation Missing],rega,No Lexicon Match
kwihaka,ihaka,[Translation Missing],ihaka,No Lexicon Match
Muikia,ikia,[Translation Missing],muikia,No Lexicon Match
ndoi,ndoi,[Translation Missing],ndoi,No Lexicon Match
mwehereri,mwehereri,[Translation Missing],mwehereri,No Lexicon Match
Muimwo,uMuimwo,[Translation Missing],umwo,No Lexicon Match
ndatuuraga,tuuraga,[Translation Missing],tuuraga,No Lexicon Match
Muingatwo,ingatwo,[Translation Missing],ingatwo,No Lexicon Match
kihooto,kihooto,[Translation Missing],ki-hooto,No Lexicon Match
ndacokaga,cokaga,[Translation Missing],cokaga,No Lexicon Match
Muinuki,nuki,[Translation Missing],muinuki,No Lexicon Match
ndatukagirwo,tukagirwo,[Translation Missing],tukagirwo,No Lexicon Match
Muka,uMuka,[Translation Missing],muka,No Lexicon Match
mucangacangi,cangacangi,[Translation Missing],mucangacangi,No Lexicon Match
acokagirirwo,cokagirirwo,[Translation Missing],cokagirirwo,No Lexicon Match
gikuu,gikuu,[Translation Missing],gikuu,No Lexicon Match
ainagira,gira,[Translation Missing],gira,No Lexicon Match
gitiro,gitiro,[Translation Missing],gitiro,No Lexicon Match
ihugo,ihugo,[Translation Missing],ihugo,No Lexicon Match
ndoraga,ndoraga,[Translation Missing],ndoraga,No Lexicon Match
ahingaga,hingaga,[Translation Missing],hingaga,No Lexicon Match
etereire,terea,[Translation Missing],eterea,No Lexicon Match
kigurumuki,gurumuki,[Translation Missing],ki-gurumuki,No Lexicon Match
oke,oke,[Translation Missing],oke,No Lexicon Match
Muikarire,ikara,[Translation Missing],ikarire,No Lexicon Match
murarire,rara,[Translation Missing],murarire,No Lexicon Match
Mukagera,gera,[Translation Missing],gera,No Lexicon Match
mahoro,mahoro,[Translation Missing],mahoro,No Lexicon Match
ndugira,ndugira,[Translation Missing],ndugira,No Lexicon Match
Mukami,uMukami,[Translation Missing],mukami,No Lexicon Match
munyiti,munyiti,[Translation Missing],munyiti,No Lexicon Match
njau,njau,[Translation Missing],njau,No Lexicon Match
Mukari,uMukari,[Translation Missing],mukari,No Lexicon Match
aimaga,imaga,[Translation Missing],imaga,No Lexicon Match
uhunii,hunia,[Translation Missing],u-hunii,No Lexicon Match
Muukiri,ukiri,[Translation Missing],ukiri,No Lexicon Match
ainukaga,nukaga,[Translation Missing],nukaga,No Lexicon Match
Mukurira,kurira,[Translation Missing],mukurira,No Lexicon Match
githunu,thunu,[Translation Missing],gi-thunu,No Lexicon Match
ndamenyagwo,menyagwo,[Translation Missing],ndamenyagwo,No Lexicon Match
Mukuru,uMukuru,[Translation Missing],mukuru,No Lexicon Match
gaya,gaya,[Translation Missing],gaya,No Lexicon Match
unyonie,nyona,[Translation Missing],u-nyonia,No Lexicon Match
mugaire,gaa,[Translation Missing],mugaire,No Lexicon Match
Mukwithia,kwithia,[Translation Missing],mukwithia,No Lexicon Match
itigi,itigi,[Translation Missing],itigi,No Lexicon Match
kwi,kwi,[Translation Missing],kwi,No Lexicon Match
muthati,muthati,[Translation Missing],mu-thati,No Lexicon Match
Mumbi,umbi,[Translation Missing],mumbi,No Lexicon Match
arugaga,rugaga,[Translation Missing],rugaga,No Lexicon Match
Mumeni,uMuma,[Translation Missing],muma,No Lexicon Match
amwitaga,itaga,[Translation Missing],amwitaga,No Lexicon Match
amurutaga,murutaga,[Translation Missing],murutaga,No Lexicon Match
mbaki,mbaki,[Translation Missing],mbaki,No Lexicon Match
iniuru,iniuru,[Translation Missing],iniuru,No Lexicon Match
Mundu,uMundu,[Translation Missing],mundu,No Lexicon Match
ageraga,geraga,[Translation Missing],geraga,No Lexicon Match
maimwo,imwo,[Translation Missing],maimwo,No Lexicon Match
ndageraga,geraga,[Translation Missing],geraga,No Lexicon Match
maheo,maheo,[Translation Missing],maheo,No Lexicon Match
muhere,hera,[Translation Missing],muhere,No Lexicon Match
mugo,mugo,[Translation Missing],mugo,No Lexicon Match
nderaguragira,guragira,[Translation Missing],ndera-guragira,No Lexicon Match
gwithokia,thokia,[Translation Missing],gwi-thokia,No Lexicon Match
itimenyagirwo,itimenyagirwo,[Translation Missing],itimenyagirwo,No Lexicon Match
ndoragagwo,ragagwo,[Translation Missing],ndoragagwo,No Lexicon Match
ndatumagwo,tumagwo,[Translation Missing],ndatumagwo,No Lexicon Match
thiriini,thiria,[Translation Missing],thirii,No Lexicon Match
muigwa,igwa,[Translation Missing],muigwa,No Lexicon Match
muhootani,muhoota,[Translation Missing],muhoota,No Lexicon Match
murume,murume,[Translation Missing],murume,No Lexicon Match
karugi,karugi,[Translation Missing],ka-rugi,No Lexicon Match
urakanyuira,nyuira,[Translation Missing],uraka-nyuira,No Lexicon Match
rita,rita,[Translation Missing],rita,No Lexicon Match
otaga,taga,[Translation Missing],otaga,No Lexicon Match
riua,riua,[Translation Missing],riua,No Lexicon Match
ndendaga,endaga,[Translation Missing],ndendaga,No Lexicon Match
utathiaga,thiaga,[Translation Missing],u-ta-thiaga,No Lexicon Match
athinjaga,thinjaga,[Translation Missing],thinjaga,No Lexicon Match
mwati,mwati,[Translation Missing],mwati,No Lexicon Match
toi,toi,[Translation Missing],toi,No Lexicon Match
ndurume,ndurume,[Translation Missing],ndurume,No Lexicon Match
gicegu,gicegu,[Translation Missing],gi-cegu,No Lexicon Match
oi,oi,[Translation Missing],oi,No Lexicon Match
urugaga,urugaga,[Translation Missing],urugaga,No Lexicon Match
rurugi,rurugi,[Translation Missing],rurugi,No Lexicon Match
ourugagwo,urugagwo,[Translation Missing],urugagwo,No Lexicon Match
akerwo,kerwo,[Translation Missing],akerwo,No Lexicon Match
wourugana,urugana,[Translation Missing],wourugana,No Lexicon Match
Mundwithia,uMundwithia,[Translation Missing],mundwithia,No Lexicon Match
rimwe,rimwe,[Translation Missing],rimwe,No Lexicon Match
ngagacoka,gacoka,[Translation Missing],ngaga-coka,No Lexicon Match
kunwithia,nwithia,[Translation Missing],nwithia,No Lexicon Match
ringi,ringi,[Translation Missing],ringi,No Lexicon Match
Munua,uMunua,[Translation Missing],munua,No Lexicon Match
ugaruragirwo,ugaruragirwo,[Translation Missing],u-garuragirwo,No Lexicon Match
Munyaka,uMunyaka,[Translation Missing],munyaka,No Lexicon Match
unyakukagwo,unyakukagwo,[Translation Missing],unyakukagwo,No Lexicon Match
kahinga,hinga,[Translation Missing],ka-hinga,No Lexicon Match
ndurokaga,rokaga,[Translation Missing],ndurokaga,No Lexicon Match
Munyotu,uMunyotu,[Translation Missing],munyotu,No Lexicon Match
athiaga,thiaga,[Translation Missing],thiaga,No Lexicon Match
Mura,uMura,[Translation Missing],mura,No Lexicon Match
mura,mura,[Translation Missing],mura,No Lexicon Match
Muragani,uMuraga,[Translation Missing],muragani,No Lexicon Match
ndakayaga,aga,[Translation Missing],ndakayaga,No Lexicon Match
muragwo,muragwo,[Translation Missing],muragwo,No Lexicon Match
ukayaga,aga,[Translation Missing],u-ka-yaga,No Lexicon Match
Muregi,regi,[Translation Missing],muregi,No Lexicon Match
akirwo,wakirwo,[Translation Missing],akirwo,No Lexicon Match
ndaregaga,regaga,[Translation Missing],regaga,No Lexicon Match
akihetwo,hetwo,[Translation Missing],aki-hetwo,No Lexicon Match
gwathwo,gwathwo,[Translation Missing],gwathwo,No Lexicon Match
ndangihota,hota,[Translation Missing],ndangi-hota,No Lexicon Match
gwathana,gwathana,[Translation Missing],gwathana,No Lexicon Match
Muremwo,uMuremwo,[Translation Missing],muremwo,No Lexicon Match
ndugo,ndugo,[Translation Missing],ndugo,No Lexicon Match
nja,nja,[Translation Missing],nja,No Lexicon Match
mahiga,higa,[Translation Missing],ma-higa,No Lexicon Match
Muri,uMuri,[Translation Missing],muri,No Lexicon Match
athi,thi,[Translation Missing],athi,No Lexicon Match
a,a,[Translation Missing],a,No Lexicon Match
thatu,thatu,[Translation Missing],thatu,No Lexicon Match
Muria,uMuria,[Translation Missing],muria,No Lexicon Match
gati,gati,[Translation Missing],gati,No Lexicon Match
akuhia,hia,[Translation Missing],aku-hia,No Lexicon Match
ngime,ngime,[Translation Missing],ngime,No Lexicon Match
mukimiri,mukimiri,[Translation Missing],mukimiri,No Lexicon Match
yake,wake,[Translation Missing],yake,No Lexicon Match
ndarundagwo,rundagwo,[Translation Missing],rundagwo,No Lexicon Match
wiki,wiki,[Translation Missing],wiki,No Lexicon Match
akuaga,aga,[Translation Missing],akuaga,No Lexicon Match
Murimirwo,uMurimirwo,[Translation Missing],murimirwo,No Lexicon Match
Murimi,uMurimi,[Translation Missing],murimi,No Lexicon Match
ndoinagwo,gwo,[Translation Missing],ndoinagwo,No Lexicon Match
guoko,guoko,[Translation Missing],guoko,No Lexicon Match
ndaiyuragia,yuragia,[Translation Missing],ndaiyuragia,No Lexicon Match
Murio,uMurio,[Translation Missing],murio,No Lexicon Match
nduminaga,nduminaga,[Translation Missing],nduminaga,No Lexicon Match
ngaragu,ngaragu,[Translation Missing],ngaragu,No Lexicon Match
ndunenganagirwo,nenganagirwo,[Translation Missing],nenganagirwo,No Lexicon Match
ndutuuraga,tuuraga,[Translation Missing],ndutuuraga,No Lexicon Match
niwiriagira,agira,[Translation Missing],ni-wiriagira,No Lexicon Match
ugiraga,giraga,[Translation Missing],u-giraga,No Lexicon Match
uminaga,uminaga,[Translation Missing],uminaga,No Lexicon Match
magego,magego,[Translation Missing],magego,No Lexicon Match
urutaga,urutaga,[Translation Missing],urutaga,No Lexicon Match
hungu,hungu,[Translation Missing],hungu,No Lexicon Match
uriukagwo,uriukagwo,[Translation Missing],uriukagwo,No Lexicon Match
nduriukagwo,nduriukagwo,[Translation Missing],nduriukagwo,No Lexicon Match
runene,nene,[Translation Missing],runene,No Lexicon Match
ndaruriagira,ruriagira,[Translation Missing],ruriagira,No Lexicon Match
Muriganio,uMuriganio,[Translation Missing],muriganio,No Lexicon Match
Murimu,uMurimu,[Translation Missing],murimu,No Lexicon Match
ugitonya,tonya,[Translation Missing],u-gi-tonya,No Lexicon Match
ukiuma,uma,[Translation Missing],uma,No Lexicon Match
mucoka,coka,[Translation Missing],mu-coka,No Lexicon Match
uragaga,ragaga,[Translation Missing],u-ragaga,No Lexicon Match
Murogi,rogi,[Translation Missing],murogi,No Lexicon Match
murogori,murogori,[Translation Missing],murogori,No Lexicon Match
Murori,uMurori,[Translation Missing],murori,No Lexicon Match
aruga,ruga,[Translation Missing],ruga,No Lexicon Match
murimi,murimi,[Translation Missing],murimi,No Lexicon Match
Murugiri,uMurugiri,[Translation Missing],murugiri,No Lexicon Match
ngiha,ha,[Translation Missing],ngi-ha,No Lexicon Match
Murunguru,uMurunguru,[Translation Missing],murunguru,No Lexicon Match
utahaga,haga,[Translation Missing],uta-haga,No Lexicon Match
Mururi,uMururi,[Translation Missing],mururi,No Lexicon Match
ndwakaga,ga,[Translation Missing],ndwakaga,No Lexicon Match
Murwithia,rwithia,[Translation Missing],murwithia,No Lexicon Match
aari,wari,[Translation Missing],ari,No Lexicon Match
