experiment_config,language,language_family,african_proverb,label,Output Type,morpheme_breaks,who,translation,final pass
kimi-k2-gen-eng-literal-Ethiopia,tooro,bantu,Mwamani najuma mama wawe niwe oriho aho,A stronger person abuses your mother in your presence.,leteral_translate,mwaman-i najum-a mama wa-we ni-we o-riho aho,Luc,The power abused your mom your presence.,The power abused abused your mom mom your  presence.
minmax-gen-eng-literal-Uganda,tooro,bantu,Namuntu wekitinisa kwakushisha omwoya nibagira ngu abagubiire nibo bagushisha,Too much advice led to the escape of the ant-bears from Ogema’s snare.,leteral_translate,namunt-u wekitinis-a kwakushish-a omwo-ya nib-agir-a ngu abagubiir-e nib-o bagushish-a,Luc,"Skins your honor __(3rd singular) feathers obstruct your __(past, reciprocal, 3rd plural) __(singular) __(present)","Skins  Skins your honor  byingi(3rd singular)  Feathers feathers obstruct your byingi(past,  reciprocal, 3rd  plural)  byingi(singular)  byingi(present)"
smollm3-3b-gen_eng_literal-Uganda,tooro,bantu,Sotakayehutzya okuhaburwa kwomwana,Do not ignore a child’s advice.,leteral_translate,sotakayehutzy-a okuhaburw-a kwomwan-a,Luc,"Usually advice, not ignore child's","Usually advice, advice, and advice. not ignore child's"
qwen3-4b-gen-eng-literal-Uganda,tooro,bantu,Banza wayeyerera enju yawe otakagyire kugamba eyabandi okweteyerire,First sweep your own house before you despise someone else’s.,leteral_translate,banza wayeyerer-a enj-u ya-we otakagyir-e kugamb-a eyaband-i okweteyerir-e,Luc,requesting swept house own before not say pl.n1.pss.n9-___ prs.hab.2.sg-___,requesting requesting swept house own before not say pl.n1.pss.n9-ge prs.hab.2.sg-ge 
gemma3-4b-it-gen_eng_literal-Uganda,tooro,bantu,Khukazi omuyombi tashemereire kuba nyoko,A quarrelsome woman should not happen to be your mother.,leteral_translate,khukaz-i omu-yomb-i tashemereir-e kuba ny-oko,Luc,___(N.SG.N1) ___(NSG.N1) becomes ____,gwe(N.SG.N1) gwe(NSG.N1) becomes gwe
kimi-k2-gen-eng-literal-Uganda,tooro,bantu,Omuti niguterezibwa gwaba gukyiri muto,A tree is straightened while it is still young.,leteral_translate,omut-i niguterezibw-a gw-ab-a gukyir-i mut-o,Luc,___ prs.___ ___.pst ___.sg.n14 ___,They're the ones who do it. prs.ze Ariiwe was born. Toys and games. They're the ones who do it.
gemma3-4b-it-gen_eng_literal-Uganda,tooro,bantu,Bintu byokubanza nibyo byomugasho munonga,The first thing is the most important.,leteral_translate,bint-u byokubanz-a nib-yo byomugasho mun-ong-a,Luc,animals/abstract it becomes  your sg.n14-___ ___.sg.n14, animals/abstract it becomes  your sg.n14-ge It's been a long time coming.
llama3.2-3b-it-gen-eng-literal-Uganda,tooro,bantu,Kikirungi kutandiika nobworo kusinga okutandika nobugiga,It is better to begin with poverty rather than riches.,leteral_translate,ki-kirung-i kutandiik-a nobworo ku-sing-a okutandik-a nobugig-a,Luc,what not start ___.sg.n1 not arguments not beginning prs.hab.1.___,what not start This is a museum. not arguments arguments not beginning  prs.hab.1.ge
llama3.2-3b-it-gen-eng-literal-Uganda,tooro,bantu,Musheija arikutunga ente emwe nakira arikugyira nti nayija kutunga eisyo rihango ryente nyingyi,A man who rears one cow is better than the one who say “I will rear a large heard”.,leteral_translate,musheij-a arikutung-a ente emwe nak-ir-a arikugyir-a nti nayij-a kutung-a eisyo rihango ryent-e nyingy-i,Luc,___.sg.n1 s/he obtains cow pro.int.intens greater prs.prog.3.sg.___ be pst.rec.1.sg-___ ___ pst.rec.3.sg-___ ___.sg.n9,It's a bad thing. s/he obtains. cow pro.int.intens greater prs.prog.3.sg.ge  be pst.rec.1.sg-ge  ge pst.rec.3.sg-ge  It's not just me.
kimi-k2-gen-eng-literal-Uganda,tooro,bantu,Mtakuha nyina ekyitinisa naba atakukyiha nanyina wondijo muntu,He who does not respect his own mother cannot respect another person’s mother.,leteral_translate,mtakuh-a ny-in-a ekyitinis-a naba atakukyih-a nanyin-a wondijo muntu,Luc,give away mother honor becomes fut-__ pst.rec.1.sg-___ their people/person,give away mother honor becomes fut-ze pst.rec.1.sg-ze  their people/person
kimi-k2-gen-eng-literal-Ethiopia,tooro,bantu,Noburwire bwondijo muntu tibukakuzibira kubyama,Someone’s illness does not prevent you from sleeping.,leteral_translate,noburwir-e bwondijo muntu tibukakuzibir-a kubyam-a,Luc,illnesses already-__ person preventing sleep,illnesses. already-ze person  preventing sleep
qwen3-4b-gen-eng-literal-Uganda,tooro,bantu,Mkurime ekyina namaririza ariwe akyirimu,A person who digs a hole ends up in it himself.,leteral_translate,mkurim-e eky-ina namaririz-a ari-we akyirim-u,Luc,__.sg.n1 __.prs.hab.3.sg __.pst.rec.1.sg __.pst.3.sg __.prs.hab.3.sg, of man. China's foreign policy. I'm going to go.  backwards. China's foreign policy.
minmax-gen-eng-literal-Uganda,tooro,bantu,Nomuyembe tigukagwa haare nekiti kyagwe,The mango does not fall far from the tree.,leteral_translate,nomuyemb-e tigukagw-a ha-ar-e nekit-i kyagw-e,Luc,__.sg.n1 fell ___ n.sg.n9 __.det.poss;ps1p.n1,younger. fell ge n.sg.n9  ge;ps1p.n1
smollm3-3b-gen_eng_literal-Uganda,tooro,bantu,Mwana takarizibwa busha,A baby does not cry for nothing.,leteral_translate,A child is buried in the forest.,mw-an-a takarizibw-a bu-sha,child cry does,child cry does
minmax-gen-eng-literal-Uganda,tooro,bantu,Khuti murungi nigukurira omumiti endijo,A good tree grows among others.,leteral_translate,khut-i mu-rung-i nigukurir-a omum-it-i endijo,Luc,__ good __.prs wood endijo,They're the ones who do it. good China's foreign policy. wood endijo
qwen3-4b-gen_eng_literal-Uganda,tooro,bantu,Khushuma tayine biiro makumyana,A thief has forty days.,leteral_translate,khushum-a ta-yin-e bi-iro makumyan-a,Luc,__.prs.hab.3.sg __.pt.rec.1.pl __ __.pst.rec.2.pl,It's the only thing that makes sense.  of man. They're the ones who do it.  muhereze
llama3.2-3b-gen_eng_literal-Uganda,tooro,bantu,Momurungi timurungi hatariho nkojo mbi,Even the pretty one is not without an ugly scar.,leteral_translate,momurung-i timurung-i hatariho nkojo mbi,Luc,good (animate) good (inanimate) ___ scar(?) bad,good ( animate) good (inanimate) They're the ones who do it. Scar(?) bad
qwen3-4b-gen_eng_literal-Uganda,tooro,bantu,Hakenyanja kache tikakahabura ekyenyanja ekyihango,A small fish cannot advice a big one.,leteral_translate,hakenyanj-a ka-ch-e tikakahabur-a ekyenyanj-a ekyihango,Luc,usual small fish ___ various-pst-___ big fish big __,usual small fish nigwotsya  nigwotsya various-pst-ge big fish big ge
kimi-k2-gen-eng-literal-Uganda,tooro,bantu,"Otakayoreka omushaho mugyenzi wawe oburugo bwomubazi gwawe, muhereze omubazi gumazire okujungwa","Don’t expose your source of herbs to another medicine man, give him a prepared sample.",leteral_translate,otakayorek-a omushaho mugyenz-i wa-we oburugo bwomubaz-i gwa-we muherez-e omubaz-i gumazir-e okujungw-a,Luc,fut.3.sg.__ __.sg.n1 __.sg.n1 your __.sg.n14 medacine of man your offor medicine has been knead, fut.3.sg.ge This is a museum. This is a museum. your Toys and games. medacine of man your offor  offor medicine has been knead
minmax-gen-eng-literal-Uganda,tooro,bantu,Bakiri arikurya munonga kusingaho omushuma,Better a glutton than a thief.,leteral_translate,bak-ir-i arikur-ya mun-ong-a kusingaho omu-sh-um-a,Luc,hard/work __.pst.rec.1.sg __.sg.n1 __.nfin __.sg.n1,hard/work I'm going to go. I'm going to try and make it work. kuba I'm going to try and make it work.
kimi-k2-gen-eng-literal-Ethiopia,tooro,bantu,Mtakahikyire ahakuza takaruha,He who has not reached his destination can never get tired.,leteral_translate,mtakahikyir-e ahakuz-a takaruh-a,,,
kimi-k2-gen-eng-literal-Uganda,tooro,bantu,Kubuza tibushema,Asking is not stupidity.,leteral_translate,kubuz-a tibushem-a,,,
gemma3-4b-it-gen-eng-literal-Uganda,tooro,bantu,Tura owomuntu okusingaho kutura omwitagyi ryekiti,Take shelter in a person rather than in a tree branch.,leteral_translate,tur-a owomunt-u o-kusingaho kutur-a omwitagy-i ryekit-i,,,
llama3.2-3b-it-gen-eng-literal-Uganda,tooro,bantu,Zokureberera ente yamutahi wawe kusinga okwokureberera eyawe,You do not look at your neighbor’s cow better than your own.,leteral_translate,zokureberer-a ente yamutah-i wa-we ku-sing-a okwokureberer-a e-ya-we,,,
minmax-gen-eng-literal-Uganda,tooro,bantu,Khutumwa tashemereire kuribwa,A messenger should not be beaten.,leteral_translate,khutumw-a tashemereir-e kuribw-a,,,
llama3.2-3b-gen_eng_literal-Uganda,tooro,bantu,Momanya akaze komuntu omubwire bwenjara,You know someone true character during famine.,leteral_translate,momany-a aka-ze komunt-u omubwir-e bwenjar-a,,,
smollm3-3b-gen_eng_literal-Uganda,tooro,bantu,Khukono gumwe tigukachiriza enyungu yamizi gukagita ahamutwe,One hand does not raise the water pot to the head.,leteral_translate,khukono gumwe tigukachiriz-a enyung-u yamiz-i gukagit-a ahamutw-e,,,
minmax-gen-eng-literal-Uganda,tooro,bantu,Omuteguzi webintu niwe akumaririza narya amagufa,He who dishes out end up eating the bones.,leteral_translate,omuteguz-i webint-u ni-we akumaririz-a nar-ya amaguf-a,,,
qwen3-4b-gen-eng-literal-Uganda,tooro,bantu,Omukumi wobusingye namaririza ariiwe ayine omushango,A peacemaker may end up being the victim.,leteral_translate,omu-kum-i wobusingy-e namaririz-a ari-iw-e a-yin-e omushango,,,
gemma3-4b-it-gen_eng_literal-Uganda,tooro,bantu,Habanyabwengye babiri nibabasa kwotsyeshohora,Two geniuses will successfully roast a fly.,leteral_translate,habanyabwengy-e babiri nibabas-a kwotsyeshohor-a,,,
llama3.2-3b-gen_eng_literal-Uganda,tooro,bantu,"Khumutego gwomuzeyi, nigutegwa omurundi gumwe",The old man’s trap is only triggered once.,leteral_translate,khumutego gwomuzey-i nigutegw-a omurund-i gumwe,,,
grok-4.1-fast-gen-eng-literal-Uganda,tooro,bantu,Nabafu bonka nibo bakusingwa omurinyaruju yamateka,Only the dead are defeated in a court case.,leteral_translate,nabaf-u bonk-a nib-o bakusingw-a omurinyaruj-u yamatek-a,,,
kimi-k2-gen-eng-literal-Ethiopia,tooro,bantu,Omuntu akwegura oruhu rweye takabura ahokubyama,A person who carries his skin will never lack where to sleep.,leteral_translate,omuntu akwegur-a oruh-u rwe-ye takabur-a ahokubyam-a,,,
kimi-k2-gen-eng-literal-Ethiopia,tooro,bantu,Omuntu arikukukyira aryaguma nakukyira,A person who is older than you always remains older.,leteral_translate,omuntu arikukukyir-a aryagum-a na-kukyir-a,,,
kimi-k2-gen-eng-literal-Ethiopia,tooro,bantu,Okwenda kwombeka enju entsya nabanza yashenya enju enkuru,He who wants to start a new house must demolish the old one.,leteral_translate,okw-end-a kwombek-a enj-u entsy-a nabanz-a yasheny-a enj-u en-kur-u,,,
kimi-k2-gen-eng-literal-Ethiopia,tooro,bantu,Hashabahebwa,He who asks is given.,leteral_translate,hashabahebw-a,,,
qwen3-4b-gen_eng_literal-Uganda,tooro,bantu,Bakuha nyina ekyitinisa naba atakukyiha nanyina wondijo muntu,A person who excretes by the roadside does not just do it once.,leteral_translate,baku-ha ny-in-a ekyitinis-a naba atakukyih-a nanyin-a wondijo muntu,,,
gemma3-4b-it-gen_eng_literal-Uganda,tooro,bantu,Muntu nabanza yakwetegyereza atakakwetsire kumutayayira,A person will always observe you before he invites you.,leteral_translate,muntu nabanz-a yakwetegyerez-a atakakwetsir-e kumutayayir-a,,,
kimi-k2-gen-eng-literal-Ethiopia,tooro,bantu,Nabariho nibo babarwa,Those who are present are the one who are counted.,leteral_translate,nabariho nib-o babarw-a,,,
smollm3-3b-gen_eng_literal-Uganda,tooro,bantu,Mtakuha nyina ekyitinisa naba atakukyiha nanyina wondijo muntu,He who does not respect his own mother cannot respect another person’s mother.,leteral_translate,mtakuh-a ny-in-a ekyitinis-a naba atakukyih-a nanyin-a wondijo muntu,,,
